역사명,노선명,주소,위도,경도,역코드
까치울,수도권 7호선,경기도 부천시 원미구 길주로 지하 626 (춘의동),37.50613,126.81093,751.0
부천종합운동장,수도권 7호선,경기도 부천시 원미구 길주로 지하 502 (춘의동),37.50502,126.79661,752.0
춘의,수도권 7호선,경기도 부천시 원미구 길주로 지하 406 (춘의동),37.50365,126.78828,753.0
신중동,수도권 7호선,경기도 부천시 원미구 길주로 지하 314 (중동),37.50282,126.77566,754.0
부천시청,수도권 7호선,경기도 부천시 원미구 길주로 지하 202 (중동),37.50444,126.76364,755.0
상동,수도권 7호선,경기도 부천시 원미구 길주로 지하 104 (상동),37.505814,126.753163,756.0
삼산체육관,수도권 7호선,인천광역시 부평구 길주로 지하 713 (삼산동),37.50724,126.74179,757.0
굴포천,수도권 7호선,인천광역시 부평구 길주로 지하 623 (삼산동),37.50681,126.73234,758.0
부평구청,수도권 7호선,인천광역시 부평구 길주로 지하 527 (갈산동),37.50848,126.72077,759.0
산곡,수도권 7호선,인천광역시 부평구 길주로 지하 379 (산곡동),37.5086,126.7035277,760.0
석남,수도권 7호선,인천광역시 서구 길주로 지하 120 (석남동),37.5062285,126.6762813,761.0
서울역,공항철도,서울특별시 용산구 청파로 378,37.553247,126.969769,4001.0
공덕,공항철도,서울특별시 마포구 마포대로 92,37.54253,126.952024,4002.0
홍대입구,공항철도,서울특별시 마포구 양화로 188,37.557438,126.926715,4003.0
디지털미디어시티,공항철도,서울특별시 마포구 성암로 184,37.576958,126.898609,4004.0
마곡나루,공항철도,서울특별시 강서구 마곡중앙로 지하 135,37.565543,126.827378,4020.0
김포공항,공항철도,서울특별시 강서구 하늘길 77,37.561842,126.801904,4005.0
계양,공항철도,인천광역시 계양구 다남로 24,37.571662,126.7363,4006.0
검암,공항철도,인천광역시 서구 검바위로 26,37.569098,126.674007,4007.0
청라국제도시,공항철도,인천광역시 서구 에코로 163,37.556409,126.624648,4011.0
영종,공항철도,인천광역시 중구 백운로414번길 75,37.51202,126.524254,4012.0
운서,공항철도,인천광역시 중구 흰바위로59번길 26,37.492904,126.49379,4008.0
공항화물청사,공항철도,인천광역시 중구 공항동로135번길 86,37.459041,126.477516,4009.0
인천공항1터미널,공항철도,인천광역시 중구 공항로 271,37.447464,126.452508,4010.0
인천공항2터미널,공항철도,인천광역시 중구 공항로 272,37.460699,126.441442,4013.0
북한산우이,우이신설선,서울특별시 강북구 삼양로 지하 676,37.662909,127.012706,11321.0
솔밭공원,우이신설선,서울특별시 강북구 삼양로 595,37.65603,127.013273,11322.0
4.19 민주묘지,우이신설선,서울특별시 강북구 삼양로 519,37.649502,127.013684,11323.0
가오리,우이신설선,서울특별시 강북구 삼양로 426,37.641537,127.016789,11324.0
화계,우이신설선,서울특별시 강북구 삼양로 341,37.634133,127.017511,11325.0
삼양,우이신설선,서울특별시 강북구 삼양로 지하 259,37.626914,127.018106,11326.0
삼양사거리,우이신설선,서울특별시 강북구 삼양로 197,37.621337,127.020473,11327.0
솔샘,우이신설선,서울특별시 강북구 솔샘로 지하 189,37.620238,127.013626,11328.0
북한산보국문,우이신설선,서울특별시 성북구 보국문로 지하 88,37.612072,127.008251,11329.0
정릉,우이신설선,서울특별시 성북구 아리랑로 지하 122,37.603133,127.013396,11330.0
성신여대입구,우이신설선,서울특별시 성북구 동선동1가 116-1,37.592467,127.016516,11331.0
보문,우이신설선,서울특별시 성북구 보문동1가 127-6,37.585286,127.019381,11332.0
신설동,우이신설선,서울특별시 동대문구 신설동 132-259,37.576095,127.023242,11333.0
신사,신분당선,서울특별시 강남구 강남대로 620-2,37.516334,127.020114,1907.0
논현,신분당선,서울특별시 강남구 강남대로 492-2,37.511093,127.021415,1908.0
신논현,신분당선,서울특별시 강남구 강남대로 302-2,37.504598,127.02506,1909.0
강남,신분당선,서울특별시 강남구 강남대로 지하 396,37.496837,127.028104,1910.0
양재,신분당선,서울시 서초구 남부순환로 지하 2585,37.483809,127.034653,1911.0
양재시민의숲,신분당선,서울특별시 서초구 매헌로 지하 116,37.470023,127.03842,1912.0
청계산입구,신분당선,서울특별시 서초구 청계산로 지하 179,37.447211,127.055664,1913.0
판교,신분당선,경기도 성남시 분당구 판교역로 지하 160,37.394761,127.112217,1914.0
정자,신분당선,경기도 성남시 분당구 성남대로 지하 333 ,37.367098,127.108403,1915.0
미금,신분당선,경기도 성남시 성남대로 지하 163 (금곡동),37.349982,127.108918,1916.0
동천,신분당선,경기도 용인시 수지구 신수로 지하760,37.337928,127.102976,1917.0
수지구청,신분당선,경기도 용인시 수지구 풍덕천로 지하120 ,37.322702,127.095026,1918.0
성복,신분당선,경기도 용인시 수지구 수지로 지하134,37.313335,127.0801,1919.0
상현,신분당선,경기도 용인시 수지구 광교중앙로 지하312,37.297664,127.069342,1920.0
광교중앙,신분당선,경기도 수원시 영통구 도청로 지하45,37.288617,127.051478,1921.0
광교,신분당선,경기도 수원시 영통구 대학로 55 신분당선 광교역,37.30211,127.044483,1922.0
샛강,신림선,서울시 영등포구 여의도동 56,37.5170969,126.929399,11711.0
대방,신림선,서울시 영등포구 신길동 1376-1,37.5133059,126.9257265,11712.0
서울지방병무청,신림선,서울시 동작구 대방동 466-41,37.5060464,126.9227083,11713.0
보라매,신림선,서울시 동작구 대방동 466-49,37.5002739,126.9204355,11714.0
보라매공원,신림선,서울시 동작구 신대방동 722,37.4955691,126.9180827,11715.0
보라매병원,신림선,서울시 동작구 신대방동 425,37.4929598,126.9234964,11716.0
당곡,신림선,서울시 관악구 봉천동 985,37.4902998,126.9275133,11717.0
신림,신림선,서울시 관악구 신림동 1467-10,37.4849266,126.9296159,11718.0
서원,신림선,서울시 관악구 신림동 808-717,37.4782341,126.9330365,11719.0
서울대벤처타운,신림선,서울시 관악구 신림동 110-99,37.4720019,126.9339351,11720.0
관악산(서울대),신림선,서울시 관악구 신림동 211-10,37.4691018,126.9450639,11721.0
별내별가람,수도권 4호선,경기도 남양주시 별내3로 지하 345,37.66778,127.11581,408.0
오남,수도권 4호선,경기도 남양주시 오남읍 진건오남로 지하 929,37.705,127.19281,406.0
진접,수도권 4호선,경기도 남양주시 진접읍 경복대로 지하 244,37.7205,127.2034,405.0
청량리,수도권 1호선,서울특별시 동대문구 왕산로 지하205(전농동),37.579956,127.044585,125.0
제기동,수도권 1호선,서울특별시 동대문구 왕산로 지하93(제기동),37.578103,127.034893,126.0
신설동,수도권 1호선,서울특별시 동대문구 왕산로 지하1(신설동),37.576048,127.024634,127.0
동묘앞,수도권 1호선,서울특별시 종로구 종로 359(숭인동),37.573197,127.01648,199.0
동대문,수도권 1호선,서울특별시 종로구 종로 지하302(창신동),37.571687,127.01093,128.0
종로5가,수도권 1호선,서울특별시 종로구 종로 지하216(종로5가),37.570926,127.001849,129.0
종로3가,수도권 1호선,서울특별시 종로구 종로 지하129(종로3가),37.570406,126.991847,130.0
종각,수도권 1호선,서울특별시 종로구 종로 지하55(종로1가),37.570161,126.982923,131.0
시청,수도권 1호선,서울특별시 중구 세종대로 지하101(정동),37.565715,126.977088,132.0
서울역,수도권 1호선,서울특별시 중구 세종대로 지하2(남대문로 5가),37.556228,126.972135,133.0
시청,수도권 2호선,서울특별시 중구 서소문로 지하127(서소문동),37.563588,126.975411,201.0
을지로입구,수도권 2호선,서울특별시 중구 을지로 지하42(을지로1가),37.566014,126.982618,202.0
을지로3가,수도권 2호선,서울특별시 중구 을지로 지하106(을지로3가),37.566306,126.991696,203.0
을지로4가,수도권 2호선,서울특별시 중구 을지로 지하178(을지로4가),37.566595,126.997817,204.0
동대문역사문화공원,수도권 2호선,서울특별시 중구 을지로 지하279(을지로7가),37.565613,127.009054,205.0
신당,수도권 2호선,서울특별시 중구 퇴계로 지하431-1(신당동),37.56564,127.019614,206.0
상왕십리,수도권 2호선,서울특별시 성동구 왕십리로 지하374(하왕십리동),37.564354,127.029354,207.0
왕십리,수도권 2호선,서울특별시 성동구 왕십리로 지하300(행당동),37.561238,127.036954,208.0
한양대,수도권 2호선,서울특별시 성동구 왕십리로 206(행당동),37.555273,127.043655,209.0
뚝섬,수도권 2호선,서울특별시 성동구 아차산로 18(성수동1가),37.547184,127.047367,210.0
성수,수도권 2호선,서울특별시 성동구 아차산로 100(성수동2가),37.544581,127.055961,211.0
건대입구,수도권 2호선,서울특별시 광진구 아차산로 243(화양동),37.540373,127.069191,212.0
구의,수도권 2호선,서울특별시 광진구 아차산로 384-1(구의동),37.537077,127.085916,213.0
강변,수도권 2호선,서울특별시 광진구 강변역로 53(구의동),37.535095,127.094681,214.0
잠실나루,수도권 2호선,서울특별시 송파구 오금로 20(신천동),37.520733,127.10379,215.0
잠실,수도권 2호선,서울특별시 송파구 올림픽로 지하265(신천동),37.513262,127.100159,216.0
잠실새내,수도권 2호선,서울특별시 송파구 올림픽로 지하140(잠실동),37.511687,127.086162,217.0
종합운동장,수도권 2호선,서울특별시 송파구 올림픽로 지하23(잠실동),37.511022,127.073704,218.0
삼성,수도권 2호선,서울특별시 강남구 테헤란로 지하538(삼성동),37.508844,127.06316,219.0
선릉,수도권 2호선,서울특별시 강남구 테헤란로 지하340(삼성동),37.504286,127.048203,220.0
역삼,수도권 2호선,서울특별시 강남구 테헤란로 지하156(역삼동),37.500622,127.036456,221.0
강남,수도권 2호선,서울특별시 강남구 강남대로 지하396(역삼동),37.49799,127.027912,222.0
교대,수도권 2호선,서울특별시 서초구 서초대로 지하294(서초동),37.493961,127.014667,223.0
서초,수도권 2호선,서울특별시 서초구 서초대로 지하233(서초동),37.491897,127.007917,224.0
방배,수도권 2호선,서울특별시 서초구 방배로 지하80(방배동),37.481426,126.997596,225.0
사당,수도권 2호선,서울특별시 동작구 남부순환로 지하2089(사당동),37.476538,126.981544,226.0
낙성대,수도권 2호선,서울특별시 관악구 남부순환로 지하1928(봉천동),37.47693,126.963693,227.0
서울대입구,수도권 2호선,서울특별시 관악구 남부순환로 지하1822(봉천동),37.481247,126.952739,228.0
봉천,수도권 2호선,서울특별시 관악구 남부순환로 지하1721(봉천동),37.482362,126.941892,229.0
신림,수도권 2호선,서울특별시 관악구 남부순환로 지하1614(신림동),37.484201,126.929715,230.0
신대방,수도권 2호선,서울특별시 동작구 대림로 2(신대방동),37.487462,126.913149,231.0
구로디지털단지,수도권 2호선,서울특별시 구로구 도림천로 477(구로동),37.485266,126.901401,232.0
대림,수도권 2호선,서울특별시 구로구 도림천로 351(구로동),37.493243,126.894932,233.0
신도림,수도권 2호선,서울특별시 구로구 새말로 지하 117-21(신도림동),37.508961,126.891084,234.0
문래,수도권 2호선,서울특별시 영등포구 당산로 지하28(문래동3가),37.517933,126.89476,235.0
영등포구청,수도권 2호선,서울특별시 영등포구 당산로 지하121(당산동3가),37.525706,126.89661,236.0
당산,수도권 2호선,서울특별시 영등포구 당산로 229(당산동6가),37.534946,126.902767,237.0
합정,수도권 2호선,서울특별시 마포구 양화로 지하55(서교동),37.549457,126.913808,238.0
홍대입구,수도권 2호선,서울특별시 마포구 양화로 지하160(동교동),37.55679,126.923708,239.0
신촌,수도권 2호선,서울특별시 마포구 신촌로 지하90(노고산동),37.555131,126.936926,240.0
이대,수도권 2호선,서울특별시 마포구 신촌로 지하180(염리동),37.556733,126.946013,241.0
아현,수도권 2호선,서울특별시 마포구 신촌로 지하270(아현동),37.557345,126.956141,242.0
충정로,수도권 2호선,서울특별시 서대문구 서소문로 지하17(충정로3가),37.559704,126.964378,243.0
용답,수도권 2호선,서울특별시 성동구 용답길 86(용답동),37.561904,127.050899,251.0
신답,수도권 2호선,서울특별시 성동구 천호대로 232(용답동),37.57004,127.046481,252.0
용두,수도권 2호선,서울특별시 동대문구 천호대로 지하129(용두동),37.574028,127.038091,254.0
신설동,수도권 2호선,서울특별시 동대문구 왕산로 지하 1(신설동),37.574747,127.024932,253.0
도림천,수도권 2호선,서울특별시 구로구 경인로67길 160(신도림동),37.514287,126.882768,261.0
양천구청,수도권 2호선,서울특별시 양천구 목동로3길 지하33(신정동),37.512398,126.865819,262.0
신정네거리,수도권 2호선,서울특별시 양천구 중앙로 지하261(신정동),37.520074,126.852912,263.0
지축,수도권 3호선,경기도 고양시 덕양구 삼송로 300(지축동),37.648033,126.913917,319.0
구파발,수도권 3호선,서울특별시 은평구 진관2로 지하15-25 (진관동),37.636763,126.918821,320.0
연신내,수도권 3호선,서울특별시 은평구 통일로 지하849(갈현동),37.619229,126.921038,321.0
불광,수도권 3호선,서울특별시 은평구 통일로 지하723-1(대조동),37.610553,126.92982,322.0
녹번,수도권 3호선,서울특별시 은평구 통일로 지하602-1(녹번동),37.600927,126.935756,323.0
홍제,수도권 3호선,서울특별시 서대문구 통일로 지하440-1(홍제동),37.589066,126.943736,324.0
무악재,수도권 3호선,서울특별시 서대문구 통일로 지하361(홍제동),37.582299,126.950291,325.0
독립문,수도권 3호선,서울특별시 서대문구 통일로 지하247(현저동),37.574571,126.957748,326.0
경복궁,수도권 3호선,서울특별시 종로구 사직로 지하130(적선동),37.575762,126.97353,327.0
안국,수도권 3호선,서울특별시 종로구 율곡로 지하62(안국동),37.576477,126.985443,328.0
종로3가,수도권 3호선,서울특별시 종로구 돈화문로 지하30(묘동),37.571605,126.991791,329.0
을지로3가,수도권 3호선,서울특별시 중구 을지로 지하129(을지로3가),37.566672,126.992548,330.0
충무로,수도권 3호선,서울특별시 중구 퇴계로 지하214(필동2가),37.56143,126.994072,331.0
동대입구,수도권 3호선,서울특별시 중구 동호로 지하256(장충동2가),37.559052,127.005602,332.0
약수,수도권 3호선,서울특별시 중구 다산로 지하122(신당동),37.554867,127.010541,333.0
금호,수도권 3호선,서울특별시 성동구 동호로 지하104(금호동4가),37.548034,127.015872,334.0
옥수,수도권 3호선,서울특별시 성동구 동호로 21(옥수동),37.541684,127.017269,335.0
압구정,수도권 3호선,서울특별시 강남구 압구정로 지하172(신사동),37.527072,127.028461,336.0
신사,수도권 3호선,서울특별시 강남구 도산대로 지하102(신사동),37.516334,127.020114,337.0
잠원,수도권 3호선,서울특별시 서초구 잠원로4길 지하46(잠원동),37.512759,127.01122,338.0
고속터미널,수도권 3호선,서울특별시 서초구 신반포로 지하188(반포동),37.504891,127.004916,339.0
교대,수도권 3호선,서울특별시 서초구 서초대로 지하294(서초동),37.493025,127.013786,340.0
남부터미널,수도권 3호선,서울특별시 서초구 서초중앙로 지하31(서초동),37.485013,127.016189,341.0
양재,수도권 3호선,서울특별시 서초구 남부순환로 지하2585(서초동),37.484477,127.033902,342.0
매봉,수도권 3호선,서울특별시 강남구 남부순환로 지하2744(도곡동),37.486947,127.046769,343.0
도곡,수도권 3호선,서울특별시 강남구 남부순환로 지하2814(도곡동),37.490922,127.055452,344.0
대치,수도권 3호선,서울특별시 강남구 남부순환로 지하2952(대치동),37.494612,127.063642,345.0
학여울,수도권 3호선,서울특별시 강남구 남부순환로 지하3104(대치동),37.496663,127.070594,346.0
대청,수도권 3호선,서울특별시 강남구 일원로 지하2(일원동),37.493514,127.079532,347.0
일원,수도권 3호선,서울특별시 강남구 일원로 지하121(일원동),37.483681,127.08439,348.0
수서,수도권 3호선,서울특별시 강남구 광평로 지하270(수서동),37.487378,127.101907,349.0
가락시장,수도권 3호선,서울특별시 송파구 송파대로 지하257(가락동),37.492245,127.117757,350.0
경찰병원,수도권 3호선,서울특별시 송파구 중대로 지하149(가락동),37.495918,127.12454,351.0
오금,수도권 3호선,서울특별시 송파구 오금로 지하321(오금동),37.502129,127.128319,352.0
당고개,수도권 4호선,서울특별시 노원구 상계로 305(상계동),37.670272,127.079066,409.0
상계,수도권 4호선,서울특별시 노원구 상계로 182(상계동),37.660878,127.073572,410.0
노원,수도권 4호선,서울특별시 노원구 상계로 69-1(상계동),37.65627,127.063276,411.0
창동,수도권 4호선,서울특별시 도봉구 마들로11길 77(창동),37.653088,127.047274,412.0
쌍문,수도권 4호선,서울특별시 도봉구 도봉로 지하 486-1(창동),37.648627,127.034709,413.0
수유,수도권 4호선,서울특별시 강북구 도봉로 지하338(수유동),37.638052,127.025732,414.0
미아,수도권 4호선,서울특별시 강북구 도봉로 지하198(미아동),37.62667,127.025983,415.0
미아사거리,수도권 4호선,서울특별시 강북구 도봉로 지하50(미아동),37.613292,127.030053,416.0
길음,수도권 4호선,서울특별시 성북구 동소문로 지하248(길음동),37.603407,127.025053,417.0
성신여대입구,수도권 4호선,서울특별시 성북구 동소문로 지하102(동선동4가),37.592612,127.016441,418.0
한성대입구,수도권 4호선,서울특별시 성북구 삼선교로 지하1(삼선동1가),37.588458,127.006221,419.0
혜화,수도권 4호선,서울특별시 종로구 대학로 지하120(명륜4가),37.582336,127.001844,420.0
동대문,수도권 4호선,서울특별시 종로구 율곡로 지하308(종로6가),37.57093,127.009287,421.0
동대문역사문화공원,수도권 4호선,서울특별시 중구 장충단로 지하230(광희동2가),37.565133,127.007885,422.0
충무로,수도권 4호선,서울특별시 중구 퇴계로 지하214(필동2가),37.561207,126.99408,423.0
명동,수도권 4호선,서울특별시 중구 퇴계로 지하126(충무로2가),37.560989,126.986325,424.0
회현,수도권 4호선,서울특별시 중구 퇴계로 지하54(남창동),37.558514,126.978246,425.0
서울역,수도권 4호선,서울특별시 용산구 한강대로 지하392(동자동),37.55281,126.972556,426.0
숙대입구,수도권 4호선,서울특별시 용산구 한강대로 지하306(갈월동),37.54456,126.972106,427.0
삼각지,수도권 4호선,서울특별시 용산구 한강대로 지하180(한강로1가),37.534075,126.9726,428.0
신용산,수도권 4호선,서울특별시 용산구 한강대로 지하112(한강로2가),37.52917,126.967894,429.0
이촌,수도권 4호선,서울특별시 용산구 서빙고로 지하83(용산동5가),37.522295,126.974733,430.0
동작,수도권 4호선,서울특별시 동작구 현충로 257(동작동),37.502852,126.980347,431.0
총신대입구(이수),수도권 4호선,서울특별시 동작구 동작대로 지하117(사당동),37.486263,126.981989,432.0
사당,수도권 4호선,서울특별시 동작구  동작대로 지하3(사당동),37.476955,126.981651,433.0
남태령,수도권 4호선,서울특별시 서초구 과천대로 지하816(방배동),37.463873,126.989134,434.0
방화,수도권 5호선,서울특별시 강서구 금낭화로 지하132(방화동),37.577446,126.812741,510.0
개화산,수도권 5호선,서울특별시 강서구 양천로 22(방화동),37.572399,126.806171,511.0
김포공항,수도권 5호선,서울특별시 강서구 하늘길 지하77(방화동),37.562384,126.801292,512.0
송정,수도권 5호선,서울특별시 강서구 공항대로 지하33(공항동),37.561184,126.811973,513.0
마곡,수도권 5호선,서울특별시 강서구 공항대로 지하163(마곡동),37.560183,126.825448,514.0
발산,수도권 5호선,서울특별시 강서구 공항대로 지하267(마곡동),37.558598,126.837668,515.0
우장산,수도권 5호선,서울특별시 강서구 강서로 지하262(화곡동),37.548768,126.836318,516.0
화곡,수도권 5호선,서울특별시 강서구 화곡로 지하168(화곡동),37.541513,126.840461,517.0
까치산,수도권 5호선,서울특별시 강서구 강서로 지하54(화곡동),37.531768,126.846683,518.0
신정,수도권 5호선,서울특별시 양천구 오목로 지하179(신정동),37.524997,126.856191,519.0
목동,수도권 5호선,서울특별시 양천구 오목로 지하245(목동),37.526065,126.864931,520.0
오목교,수도권 5호선,서울특별시 양천구 오목로 지하342(목동),37.524496,126.875181,521.0
양평,수도권 5호선,서울특별시 영등포구 양산로 지하21(양평동2가),37.525569,126.886129,522.0
영등포구청,수도권 5호선,서울특별시 영등포구 양산로 지하116(당산동3가),37.5242,126.89503,523.0
영등포시장,수도권 5호선,서울특별시 영등포구 양산로 지하200(영등포동5가),37.522669,126.905139,524.0
신길,수도권 5호선,서울특별시 영등포구 경인로114가길 지하9(영등포동1가),37.517623,126.914839,525.0
여의도,수도권 5호선,서울특별시 영등포구 여의나루로 지하40(여의도동),37.521747,126.924357,526.0
여의나루,수도권 5호선,서울특별시 영등포구 여의동로 지하343(여의도동),37.527098,126.932901,527.0
마포,수도권 5호선,서울특별시 마포구 마포대로 지하33(도화동),37.539574,126.945932,528.0
공덕,수도권 5호선,서울특별시 마포구 마포대로 지하100(공덕동),37.544431,126.951372,529.0
애오개,수도권 5호선,서울특별시 마포구 마포대로 지하210(아현동),37.553736,126.95682,530.0
충정로,수도권 5호선,서울특별시 서대문구 충정로 지하 28-1(충정로3가),37.560236,126.9629,531.0
서대문,수도권 5호선,서울특별시 종로구 통일로 지하126(평동),37.565773,126.966641,532.0
광화문,수도권 5호선,서울특별시 종로구 세종대로 지하172(세종로),37.571525,126.97717,533.0
종로3가,수도권 5호선,서울특별시 종로구 돈화문로11길 지하 26(돈의동),37.57254,126.9903,534.0
을지로4가,수도권 5호선,서울특별시 중구 창경궁로 지하51(주교동),37.567352,126.998032,535.0
동대문역사문화공원,수도권 5호선,서울특별시 중구 마른내로 지하162(광희동1가),37.564665,127.005353,536.0
청구,수도권 5호선,서울특별시 중구 청구로 지하77(신당동),37.560276,127.013639,537.0
신금호,수도권 5호선,서울특별시 성동구 금호로 지하154(금호동2가),37.554548,127.020331,538.0
행당,수도권 5호선,서울특별시 성동구 행당로 지하89(행당동),37.557322,127.029476,539.0
왕십리,수도권 5호선,서울특별시 성동구 왕십리로 지하300(행당동),37.56184,127.037059,540.0
마장,수도권 5호선,서울특별시 성동구 마장로 지하296(마장동),37.5661,127.042973,541.0
답십리,수도권 5호선,서울특별시 성동구 천호대로 지하300(용답동),37.566747,127.052704,542.0
장한평,수도권 5호선,서울특별시 동대문구 천호대로 지하405(장안동),37.56144,127.064623,543.0
군자(능동),수도권 5호선,서울특별시 광진구 천호대로 지하550(능동),37.557088,127.079577,544.0
아차산(어린이대공원후문),수도권 5호선,서울특별시 광진구 천호대로 지하657(능동),37.551691,127.089761,545.0
광나루(장신대),수도권 5호선,서울특별시 광진구 아차산로 지하571(광장동),37.545303,127.10357,546.0
천호(풍납토성),수도권 5호선,서울특별시 강동구 천호대로 지하997(천호동),37.53864,127.123308,547.0
강동,수도권 5호선,서울특별시 강동구 천호대로 지하1097(천호동),37.535804,127.132481,548.0
길동,수도권 5호선,서울특별시 강동구 양재대로 지하1480(길동),37.537801,127.140004,549.0
굽은다리,수도권 5호선,서울특별시 강동구 양재대로 지하1572(명일동),37.545477,127.142853,550.0
명일,수도권 5호선,서울특별시 강동구 양재대로 지하1632(명일동),37.55137,127.143999,551.0
고덕,수도권 5호선,서울특별시 강동구 고덕로 지하253(고덕동),37.555004,127.154151,552.0
상일동,수도권 5호선,서울특별시 강동구 고덕로 지하359(상일동),37.556712,127.166417,553.0
둔촌동,수도권 5호선,서울특별시 강동구 양재대로 지하1369(둔촌동),37.527788,127.136248,569.0
올림픽공원,수도권 5호선,서울특별시 송파구 양재대로 지하1233(방이동),37.516201,127.130923,570.0
방이,수도권 5호선,서울특별시 송파구 양재대로 지하1127(방이동),37.508857,127.126133,571.0
오금,수도권 5호선,서울특별시 송파구 오금로 지하321(오금동),37.502057,127.127938,572.0
개롱,수도권 5호선,서울특별시 송파구 오금로 지하402(가락동),37.498079,127.13482,573.0
거여,수도권 5호선,서울특별시 송파구 오금로 지하499(거여동),37.493105,127.14415,574.0
강일,수도권 5호선,서울특별시 강동구 고덕로 지하456(강일동),37.55749,127.17593,554.0
미사,수도권 5호선,경기도 하남시 미사강변동로 지하90(망월동),37.560927,127.193877,555.0
하남풍산,수도권 5호선,경기도 하남시 덕풍서로 지하50(덕풍동),37.552034,127.203864,556.0
하남시청,수도권 5호선,경기도 하남시 하남대로 지하820(덕풍동),37.54205,127.20612,557.0
하남검단산,수도권 5호선,경기도 하남시 대청로 지하100(창우동),37.53972,127.22345,558.0
마천,수도권 5호선,서울특별시 송파구 마천로57길 지하7(마천동),37.49499,127.152781,575.0
응암,수도권 6호선,서울특별시 은평구 증산로 지하477(신사동),37.598605,126.915577,610.0
역촌,수도권 6호선,서울특별시 은평구 서오릉로 지하63(녹번동),37.606021,126.922744,611.0
불광,수도권 6호선,서울특별시 은평구 통일로 지하723-1(대조동),37.610873,126.92939,612.0
독바위,수도권 6호선,서울특별시 은평구 불광로 지하129-1(불광동),37.618456,126.933031,613.0
연신내,수도권 6호선,서울특별시 은평구 통일로 지하849(갈현동),37.618636,126.920625,614.0
구산,수도권 6호선,서울특별시 은평구 연서로 지하137-1(구산동),37.611377,126.91727,615.0
새절,수도권 6호선,서울특별시 은평구 증산로 지하400(신사동),37.591148,126.913629,616.0
증산,수도권 6호선,서울특별시 은평구 증산로 지하306(증산동),37.583876,126.909645,617.0
디지털미디어시티,수도권 6호선,서울특별시 은평구 수색로 지하175(증산동),37.576108,126.901391,618.0
월드컵경기장,수도권 6호선,서울특별시 마포구 월드컵로 지하240(성산동),37.569532,126.899298,619.0
마포구청,수도권 6호선,서울특별시 마포구 월드컵로 지하190(성산동),37.563515,126.903343,620.0
망원,수도권 6호선,서울특별시 마포구 월드컵로 지하77(망원동),37.556094,126.910052,621.0
합정,수도권 6호선,서울특별시 마포구 양화로 지하45(합정동),37.549209,126.913366,622.0
상수,수도권 6호선,서울특별시 마포구 독막로 지하85(상수동),37.547716,126.922852,623.0
광흥창,수도권 6호선,서울특별시 마포구 독막로 지하165(창전동),37.547456,126.931993,624.0
대흥,수도권 6호선,서울특별시 마포구 대흥로 지하85(대흥동),37.547771,126.942069,625.0
공덕,수도권 6호선,서울특별시 마포구 백범로 지하200(공덕동),37.543555,126.951678,626.0
효창공원앞,수도권 6호선,서울특별시 용산구 백범로 지하287(효창동),37.539233,126.961384,627.0
삼각지,수도권 6호선,서울특별시 용산구 한강대로 지하185(한강로1가),37.535534,126.974032,628.0
녹사평,수도권 6호선,서울특별시 용산구 녹사평대로 지하195(용산동4가),37.534675,126.986695,629.0
이태원,수도권 6호선,서울특별시 용산구 이태원로 지하177(이태원동),37.534488,126.994302,630.0
한강진,수도권 6호선,서울특별시 용산구 이태원로 지하287(한남동),37.539631,127.001725,631.0
버티고개,수도권 6호선,서울특별시 중구 다산로 지하38(신당동),37.548013,127.007055,632.0
약수,수도권 6호선,서울특별시 중구 다산로 지하115(신당동),37.554263,127.010358,633.0
청구,수도권 6호선,서울특별시 중구 청구로 지하77(신당동),37.560608,127.013986,634.0
신당,수도권 6호선,서울특별시 중구 다산로 지하260(흥인동),37.566154,127.016146,635.0
동묘앞,수도권 6호선,서울특별시 종로구 지봉로 지하24(숭인동),37.572279,127.015653,636.0
창신,수도권 6호선,서울특별시 종로구 지봉로 지하112(창신동),37.579661,127.015241,637.0
보문,수도권 6호선,서울특별시 성북구 보문로 지하116(보문동1가),37.585274,127.019351,638.0
안암,수도권 6호선,서울특별시 성북구 고려대로 지하89(안암동5가),37.586272,127.029005,639.0
고려대,수도권 6호선,서울특별시 성북구 종암로 지하1(종암동),37.590508,127.036296,640.0
월곡,수도권 6호선,서울특별시 성북구 월곡로 지하107(하월곡동),37.601948,127.041518,641.0
상월곡,수도권 6호선,서울특별시 성북구 화랑로 지하157(상월곡동),37.606377,127.048491,642.0
돌곶이,수도권 6호선,서울특별시 성북구 화랑로 지하243(석관동),37.610537,127.056431,643.0
석계,수도권 6호선,서울특별시 노원구 화랑로 지하 347-1(월계동) ,37.614872,127.065595,644.0
태릉입구,수도권 6호선,서울특별시 노원구 동일로 지하 992-1(공릉동),37.617338,127.074735,645.0
화랑대,수도권 6호선,서울특별시 노원구 화랑로 지하510(공릉동),37.620064,127.084689,646.0
봉화산,수도권 6호선,서울특별시 중랑구 신내로 지하232(신내동),37.617283,127.091401,647.0
신내,수도권 6호선,서울특별시 중랑구 용마산로136길 33 신내차량기지,37.613174,127.102231,648.0
장암,수도권 7호선,경기도 의정부시 동일로 121(장암동),37.700109,127.053196,709.0
도봉산,수도권 7호선,서울특별시 도봉구 도봉로 964-40(도봉동),37.689241,127.046509,710.0
수락산,수도권 7호선,서울특별시 노원구 동일로 지하1662(상계동),37.67785,127.055315,711.0
마들,수도권 7호선,서울특별시 노원구 동일로 지하1530-1(상계동),37.66494,127.057675,712.0
노원,수도권 7호선,서울특별시 노원구 동일로 지하1409(상계동),37.654836,127.060462,713.0
중계,수도권 7호선,서울특별시 노원구 동일로 지하1308-1(중계동),37.644583,127.064303,714.0
하계,수도권 7호선,서울특별시 노원구 동일로 지하1196(하계동),37.636352,127.06799,715.0
공릉,수도권 7호선,서울특별시 노원구 동일로 지하1074(공릉동),37.625742,127.072896,716.0
태릉입구,수도권 7호선,서울특별시 노원구 동일로 지하 992-1(공릉동),37.618294,127.075397,717.0
먹골,수도권 7호선,서울특별시 중랑구 동일로 지하901(묵동),37.610637,127.077725,718.0
중화,수도권 7호선,서울특별시 중랑구 동일로 지하797(중화동),37.602545,127.079264,719.0
상봉,수도권 7호선,서울특별시 중랑구 망우로 297(상봉동),37.595577,127.085716,720.0
면목,수도권 7호선,서울특별시 중랑구 면목로 지하407(면목동) ,37.588579,127.087503,721.0
사가정,수도권 7호선,서울특별시 중랑구 사가정로 지하393(면목동),37.580894,127.088478,722.0
용마산,수도권 7호선,서울특별시 중랑구 용마산로 지하227(면목동),37.573647,127.086727,723.0
중곡,수도권 7호선,서울특별시 광진구 능동로 지하417(중곡동),37.565923,127.08432,724.0
군자(능동),수도권 7호선,서울특별시 광진구 천호대로 지하550(능동),37.556897,127.079338,725.0
어린이대공원(세종대),수도권 7호선,서울특별시 광진구 능동로 지하210(화양동),37.548014,127.074658,726.0
건대입구,수도권 7호선,서울특별시 광진구 능동로 지하110(화양동),37.540786,127.071011,727.0
뚝섬유원지,수도권 7호선,서울특별시 광진구 능동로 10(자양동),37.53154,127.066704,728.0
청담,수도권 7호선,서울특별시 강남구 학동로 지하508(청담동),37.519365,127.05335,729.0
강남구청,수도권 7호선,서울특별시 강남구 학동로 지하346(삼성동),37.517179,127.041255,730.0
학동,수도권 7호선,서울특별시 강남구 학동로 지하180(논현동),37.514229,127.031656,731.0
논현,수도권 7호선,서울특별시 강남구 학동로 지하102(논현동),37.511093,127.021415,732.0
반포,수도권 7호선,서울특별시 서초구 신반포로 지하241(잠원동),37.508178,127.011727,733.0
고속터미널,수도권 7호선,서울특별시 서초구 신반포로 지하188(반포동),37.503367,127.005068,734.0
내방,수도권 7호선,서울특별시 서초구 서초대로 지하103(방배동),37.487618,126.993513,735.0
총신대입구(이수),수도권 7호선,서울특별시 동작구 사당로 지하310(사당동),37.485196,126.981605,736.0
남성,수도권 7호선,서울특별시 동작구 사당로 지하218(사당동),37.484596,126.971251,737.0
숭실대입구,수도권 7호선,서울특별시 동작구 상도로 지하378(상도동),37.496029,126.953822,738.0
상도,수도권 7호선,서울특별시 동작구 상도로 지하272(상도1동),37.502834,126.94791,739.0
장승배기,수도권 7호선,서울특별시 동작구 상도로 지하188(상도동) ,37.504898,126.93915,740.0
신대방삼거리,수도권 7호선,서울특별시 동작구 상도로 지하76(대방동),37.499701,126.928276,741.0
보라매,수도권 7호선,서울특별시 동작구 상도로 지하2(대방동),37.499872,126.920428,742.0
신풍,수도권 7호선,서울특별시 영등포구 신풍로 지하27(신길동),37.50008,126.90993,743.0
대림,수도권 7호선,서울특별시 영등포구 도림로 지하137(대림동),37.493013,126.897075,744.0
남구로,수도권 7호선,서울특별시 구로구 도림로 지하7(구로동) ,37.486056,126.887249,745.0
가산디지털단지,수도권 7호선,서울특별시 금천구 벚꽃로 309(가산동),37.480338,126.882656,746.0
철산,수도권 7호선,경기도 광명시 철산로 지하13(철산동),37.47605,126.867911,747.0
광명사거리,수도권 7호선,경기도 광명시 오리로 지하980(광명동),37.479252,126.854876,748.0
천왕,수도권 7호선,서울특별시 구로구 오리로 지하1154(천왕동),37.486637,126.838713,749.0
온수,수도권 7호선,서울특별시 구로구 경인로3길 지하64(온수동),37.492092,126.823023,750.0
암사,수도권 8호선,서울특별시 강동구 올림픽로 지하776(암사동),37.55021,127.127562,810.0
천호(풍납토성),수도권 8호선,서울특별시 강동구 천호대로 지하997(천호동),37.538113,127.123254,811.0
강동구청,수도권 8호선,서울특별시 강동구 올림픽로 지하550(성내동),37.530341,127.120508,812.0
몽촌토성(평화의문),수도권 8호선,서울특별시 송파구 올림픽로 지하383(신천동),37.517409,127.112359,813.0
잠실,수도권 8호선,서울특별시 송파구 올림픽로 305(신천동),37.514692,127.104338,814.0
석촌,수도권 8호선,서울특별시 송파구 송파대로 지하439(석촌동),37.505557,127.106832,815.0
송파,수도권 8호선,서울특별시 송파구 송파대로 지하354(가락동),37.499703,127.112183,816.0
가락시장,수도권 8호선,서울특별시 송파구 송파대로 지하257(가락동),37.492888,127.118398,817.0
문정,수도권 8호선,서울특별시 송파구 송파대로 지하179(문정동),37.485855,127.1225,818.0
장지,수도권 8호선,서울특별시 송파구 송파대로 지하82(장지동),37.478703,127.126191,819.0
복정,수도권 8호선,서울특별시 송파구 송파대로 지하6(장지동),37.471052,127.126732,820.0
남위례,수도권 8호선,경기도 성남시 수정구 공원로 601(복정동),37.4624,127.13977,831.0
산성,수도권 8호선,경기도 성남시 수정구 수정로 지하365(신흥동),37.457122,127.149908,821.0
남한산성입구,수도권 8호선,경기도 성남시 수정구 산성대로 지하445(단대동),37.451535,127.159816,822.0
단대오거리,수도권 8호선,경기도 성남시 수정구 산성대로 지하365(신흥동),37.44521,127.156866,823.0
신흥,수도권 8호선,경기도 성남시 수정구 산성대로 지하280(신흥동),37.440918,127.147564,824.0
수진,수도권 8호선,경기도 성남시 수정구 산성대로 지하200(수진동),37.437428,127.140722,825.0
모란,수도권 8호선,경기도 성남시 수정구 산성대로 지하100(수진동),37.433824,127.129837,826.0
개화,수도권 9호선,서울특별시 강서구 개화동로8길 19,37.578608,126.798153,901.0
김포공항,수도권 9호선,서울특별시 강서구 하늘길 지하77,37.561916,126.802152,902.0
공항시장,수도권 9호선,서울특별시 강서구 방화동로 지하30,37.563726,126.810678,903.0
신방화,수도권 9호선,서울특별시 강서구 방화대로 지하301,37.567532,126.816601,904.0
마곡나루,수도권 9호선,서울특별시 강서구 마곡중앙5로 지하2,37.566778,126.82731,905.0
양천향교,수도권 9호선,서울특별시 강서구 양천로 지하341,37.568381,126.841333,906.0
가양,수도권 9호선,서울특별시 강서구 양천로 지하485,37.561391,126.854456,907.0
증미,수도권 9호선,서울특별시 강서구 양천로 지하560,37.557402,126.861939,908.0
등촌,수도권 9호선,서울특별시 강서구 공항대로 지하529,37.550632,126.865689,909.0
염창,수도권 9호선,서울특별시 강서구 공항대로 지하631,37.546936,126.874916,910.0
신목동,수도권 9호선,서울특별시 양천구 목동중앙로 지하217,37.544277,126.88308,911.0
선유도,수도권 9호선,서울특별시 영등포구 양평로 지하124,37.53802,126.893525,912.0
당산,수도권 9호선,서울특별시 영등포구 당산로 229,37.533406,126.902809,913.0
국회의사당,수도권 9호선,서울특별시 영등포구 국회대로 지하758,37.528105,126.917874,914.0
여의도,수도권 9호선,서울특별시 영등포구 의사당대로 지하101 (여의도동),37.52176,126.92403,915.0
샛강,수도권 9호선,서울특별시 영등포구 의사당대로 지하166,37.517274,126.928422,916.0
노량진,수도권 9호선,서울특별시 동작구 노량진로 지하130,37.513534,126.941005,917.0
노들,수도권 9호선,서울특별시 동작구 노량진로 지하238 (본동),37.512887,126.953222,918.0
흑석,수도권 9호선,서울특별시 동작구 현충로 지하90 (흑석동),37.50877,126.963708,919.0
동작,수도권 9호선,서울특별시 동작구 현충로 지하220 (동작동),37.502878,126.978153,920.0
구반포,수도권 9호선,서울특별시 서초구 신반포로 지하17,37.501364,126.987332,921.0
신반포,수도권 9호선,서울특별시 서초구 신반포로 지하105,37.503415,126.995925,922.0
고속터미널,수도권 9호선,서울특별시 서초구 신반포로 지하188,37.50598,127.004403,923.0
사평,수도권 9호선,서울특별시 서초구 사평대로 지하285,37.504206,127.015259,924.0
신논현,수도권 9호선,서울특별시 강남구 봉은사로 지하102,37.504598,127.02506,925.0
수원,수도권 1호선,경기도 수원시 팔달구 덕영대로 924,37.266348,126.999561,184.0
세류,수도권 1호선,경기도 수원시 권선구 정조로 387,37.245025,127.013222,185.0
병점,수도권 1호선,경기도 화성시 떡전골로 97,37.207503,127.032731,186.0
서동탄,수도권 1호선,경기도 오산시 외삼미로 15번길 75-60,37.195504,127.051672,1187.0
세마,수도권 1호선,경기도 오산시 세마역로 88,37.187533,127.04318,187.0
오산대,수도권 1호선,경기도 오산시 청학로 236,37.168953,127.063197,188.0
오산,수도권 1호선,경기도 오산시 오산동 역광장로 59,37.145885,127.06672,189.0
진위,수도권 1호선,경기도 평택시 경기대로 1855,37.109447,127.062278,190.0
송탄,수도권 1호선,경기도 평택시 신장동 송탄공원로 43,37.075696,127.054301,1401.0
평택지제,수도권 1호선,경기도 평택시 경기대로 777,37.0188,127.070444,1403.0
서정리,수도권 1호선,경기도 평택시 탄현로 51,37.056496,127.052819,1402.0
평택,수도권 1호선,경기도 평택시 평택로 51,36.990726,127.085159,1404.0
명학,수도권 1호선,경기도 안양시 만안구 만안로 20,37.384653,126.935433,178.0
성환,수도권 1호선,충남 천안시 서북구 성환읍 성롼1로 237-5(성환리 449-128),36.916076,127.126964,1405.0
직산,수도권 1호선,충남 천안시 서북구 직산읍 천안대로 1471-33,36.870593,127.143904,1406.0
두정,수도권 1호선,충남 천안시 서북구 두정로 289(두정동 84-1),36.833705,127.14896,1407.0
천안,수도권 1호선,충남 천안시 동남구 대흥로 239(대흥동 57-1),36.810005,127.146826,1408.0
봉명,수도권 1호선,충남 천안시 동남구 차돌로 51(봉명동 20-2),36.801215,127.135763,1409.0
쌍용(나사렛대),수도권 1호선,충청남도 천안시 서북구 쌍용2동 426-3,36.793759,127.1214,1410.0
아산,수도권 1호선,충남 아산시 배방읍 희망로 90(장재리 325-3),36.792053,127.104361,1411.0
탕정,수도권 1호선,충청남도 아산시 탕정면 매곡중앙6로 11,36.78866,127.08485,1412.0
배방,수도권 1호선,충남 아산시 배방읍 온천대로 1967,36.777629,127.052991,1413.0
온양온천,수도권 1호선,충남 아산시 온천대로 1496(온천동 56-9),36.780483,127.003249,1415.0
신창,수도권 1호선,충남 아산시 신창면 행목로 50,36.769502,126.951108,1416.0
광명,수도권 1호선,경기도 광명시 광명역로 21,37.416182,126.884466,1175.0
석수,수도권 1호선,경기도 안양시 만안구 경수대로 1431,37.435047,126.902295,175.0
관악,수도권 1호선,경기도 안양시 만안구 경수대로 1273번길 46,37.419232,126.908706,176.0
안양,수도권 1호선,경기도 안양시 만안구 만안로 232,37.401592,126.922874,177.0
남영,수도권 1호선,서울시 용산구 한강대로 77길 25(갈월동),37.541021,126.9713,134.0
용산,수도권 1호선,서울시 용산구 한강대로 23길 55(한강로 3가 40-999),37.529849,126.964561,135.0
노량진,수도권 1호선,서울시 동작구 노량진로 151,37.514149,126.94271,136.0
대방,수도권 1호선,서울시 영등포구 여의대방로 300,37.513342,126.926382,137.0
신길,수도권 1호선,서울시 영등포구 영등포로 327,37.516862,126.917865,138.0
영등포,수도권 1호선,서울시 영등포구 경인로 846(영등포동 1가 618-496),37.515504,126.907628,139.0
신도림,수도권 1호선,서울시 구로구 새말로 117-21,37.508787,126.891144,140.0
구로,수도권 1호선,서울시 구로구 구로중앙로 174,37.503039,126.881966,141.0
가산디지털단지,수도권 1호선,서울시 금천구 벚꽃로 309,37.481581,126.882581,172.0
독산,수도권 1호선,서울시 금천구 벚꽃로 115,37.466613,126.889249,173.0
금천구청,수도권 1호선,서울시 금천구 시흥대로 63길 91,37.455626,126.89398,174.0
금정,수도권 1호선,경기도 군포시 군포로 750,37.372221,126.943429,179.0
군포,수도권 1호선,경기도 군포시 군포역1길 27,37.35356,126.948462,180.0
당정,수도권 1호선,경기도 군포시 당정역로 91,37.344285,126.948345,1181.0
의왕,수도권 1호선,경기도 의왕시 철도박물관로 66(삼동),37.320852,126.948217,181.0
성균관대,수도권 1호선,경기도 수원시 장안구 서부로 2149,37.300349,126.97075,182.0
화서,수도권 1호선,경기도 수원시 팔달구 덕영대로 692,37.283862,126.989627,183.0
회기,수도권 1호선,서울시 동대문구 회기로196(휘경동 317-101),37.589802,127.057936,124.0
외대앞,수도권 1호선,서울시 동대문구 휘경로 27(이문동 360-5),37.596073,127.063549,123.0
신이문,수도권 1호선,서울시 동대문구 한천로 472(이문로 7),37.601854,127.067325,122.0
석계,수도권 1호선,서울시 노원구 화랑로 314(월계동 36-4),37.614532,127.065934,121.0
광운대,수도권 1호선,서울시 노원구 석계로 98-2(광운대역),37.623632,127.061835,120.0
월계,수도권 1호선,서울시 노원구 월계로 53길 40(월계2동 261),37.633212,127.058831,119.0
녹천,수도권 1호선,서울시 도봉구 덕릉로 376(창동),37.644799,127.051269,118.0
창동,수도권 1호선,서울시 도봉구 마들로 11길 77(창1동 135-86),37.653007,127.047806,117.0
방학,수도권 1호선,서울시 도봉구 도봉로 150다길 3,37.667503,127.044273,116.0
도봉,수도권 1호선,서울시 도봉구 도봉로 170길 2,37.679563,127.045595,115.0
도봉산,수도권 1호선,서울시 도봉구 도봉로 964-33,37.689534,127.046049,114.0
망월사,수도권 1호선,경기도 의정부시 회룡로 111(호원동),37.709914,127.047455,113.0
회룡,수도권 1호선,경기도 의정부시 평화로 363,37.724416,127.04736,112.0
의정부,수도권 1호선,경기도 의정부시 평화로 525,37.738415,127.045958,111.0
가능,수도권 1호선,경기도 의정부시 평화로 633,37.748577,127.044213,110.0
녹양,수도권 1호선,경기도 의정부시 평화로 757(녹양동 973),37.75938,127.042292,108.0
양주,수도권 1호선,경기도 양주시 평화로 919(남방동 94-1),37.774381,127.044708,107.0
덕계,수도권 1호선,경기도 양주시 고덕로 139번길 317번지,37.818486,127.056486,106.0
덕정,수도권 1호선,경기도 양주시 화합로 1356,37.843188,127.061277,105.0
지행,수도권 1호선,경기도 동두천시 평화로 2285(지행동),37.892334,127.055716,104.0
동두천중앙,수도권 1호선,경기도 동두천시 동두천로 228(생연동 682),37.901885,127.056482,103.0
보산,수도권 1호선,경기도 동두천시 평화로 2539(보산동),37.913702,127.057277,102.0
동두천,수도권 1호선,경기도 동두천시 평화로 2687(동두천동 245-210),37.927878,127.05479,101.0
소요산,수도권 1호선,경기도 동두천시 평화로 2925(상봉암동 126),37.9481,127.061034,100.0
임진강,경의중앙선,경기도 파주시 문산읍 임진각로 115(문산읍),37.888421,126.746765,1631.0
운천,경의중앙선,경기도 파주시 문산읍 통일로2033번길3,37.879942,126.769999,1630.0
서울역,경의중앙선,서울시 용산구 한강대로 405,37.557231,126.97103,1610.0
신촌,경의중앙선,서울특별시 서대문구 대현동 74-12,37.559733,126.942597,1611.0
가좌,경의중앙선,서울시 서대문구 수색로 27(남가좌동),37.568491,126.915487,1612.0
효창공원앞,경의중앙선,서울시 용산구 용문동 5-133,37.538579,126.96221,1606.0
공덕,경의중앙선,서울시 마포구 공덕동 마포대로 자하100,37.542596,126.952099,1607.0
서강대,경의중앙선,서울시 마포구 서강로 지하118,37.551881,126.935711,1608.0
홍대입구,경의중앙선,서울시 마포구 양화로 지하 188,37.557641,126.926683,1609.0
디지털미디어시티,경의중앙선,서울시 은평구 수색로 193(수색동 37-2),37.577475,126.900453,1613.0
수색,경의중앙선,서울시 은평구 수색로 261-1,37.580842,126.895611,1614.0
화전,경의중앙선,경기도 고양시 덕양구 화랑로 53(화전동 183-10),37.602888,126.868387,1615.0
강매,경의중앙선,경기도 고양시 덕양구 행신동 108-5,37.612314,126.843223,1635.0
행신,경의중앙선,경기도 고양시 덕양구 행신동 충경로 124번지(행신2동 812),37.612102,126.834146,1616.0
능곡,경의중앙선,경기도 고양시 덕양구 토당로 35(토당동 454-3),37.618808,126.820783,1617.0
곡산,경의중앙선,경기도 고양시 일산동구 경의로 160(백석동),37.645676,126.801762,1619.0
백마,경의중앙선,경기도 고양시 일산동구 경의로 318(풍동 482-8),37.658239,126.794461,1620.0
풍산,경의중앙선,경기도 고양시 일산동구 경의로 486(풍동),37.672346,126.786243,1621.0
일산,경의중앙선,경기도 고양시 일산서구 경의로 672,37.682077,126.769846,1622.0
탄현,경의중앙선,경기도 고양시 일산서구 경의로 856(덕이동),37.694023,126.761086,1623.0
야당,경의중앙선,경기도 파주시 야당동 836번지,37.712327,126.761356,1636.0
운정,경의중앙선,경기도 파주시 운정역길 368(야당동 299-4번지),37.725826,126.767257,1624.0
금릉,경의중앙선,경기도 파주시 금촌동 금릉로 129,37.751322,126.765347,1625.0
금촌,경의중앙선,경기도 파주시 새꽃로 193,37.766217,126.774644,1626.0
월롱,경의중앙선,경기도 파주시 월롱면 통일로 980,37.796188,126.792587,1627.0
파주,경의중앙선,경기도 파주시 파주읍 주라위길 38,37.815298,126.792783,1628.0
문산,경의중앙선,경기도 파주시 문산읍 문산역로 94,37.854619,126.788047,1629.0
구일,수도권 1호선,서울시 구로구 구일로 133,37.496756,126.870793,142.0
개봉,수도권 1호선,서울시 구로구 경인로 40길 47,37.494594,126.85968,143.0
오류동,수도권 1호선,서울시 구로구 경인로 20길 13,37.494526,126.845365,144.0
온수,수도권 1호선,서울시 구로구 부일로 872,37.492267,126.823399,145.0
역곡,수도권 1호선,경기도 부천시 원미구 역곡로 1(역곡동),37.492433,126.824086,146.0
소사,수도권 1호선,경기도 부천시 소사구 경인로 363,37.482753,126.79544,147.0
부천,수도권 1호선,경기도 부천시 소사구 부천로 1,37.48405,126.782686,148.0
중동,수도권 1호선,경기도 부천시 소사구 중동로 73,37.486562,126.764843,149.0
송내,수도권 1호선,경기도 부천시 소사구 송내대로 43,37.4876,126.753664,150.0
부개,수도권 1호선,인천시 부평구 수변로 22,37.488418,126.74109,151.0
부평,수도권 1호선,인천시 부평구 광장로 16,37.489445,126.724506,152.0
백운,수도권 1호선,인천시 부평구 마장로 55번길 14,37.483664,126.707704,153.0
동암,수도권 1호선,인천시 부평구 동암광장로 10,37.471408,126.702896,154.0
간석,수도권 1호선,인천시 남동구 석정로 522-14,37.464737,126.694181,155.0
주안,수도권 1호선,인천시 미추홀구 주안로 95-19,37.465047,126.679742,156.0
도화,수도권 1호선,인천시 미추홀구 숙골로 24번길 9,37.46607,126.668672,157.0
제물포,수도권 1호선,인천시 미추홀구 경인로 129,37.466769,126.656666,158.0
도원,수도권 1호선,인천시 동구 참외전로 245,37.468446,126.642706,159.0
동인천,수도권 1호선,인천시 중구 참외전로 119,37.475276,126.632802,160.0
인천,수도권 1호선,인천시 중구 제물량로 269,37.476079,126.616801,161.0
회기,경춘선,서울시 동대문구 회기로196(휘경동 317-101),37.589802,127.057936,1807.0
청량리,경춘선,서울시 동대문구 왕산로 214,37.580543,127.046516,1806.0
중랑,경춘선,서울특별시 중랑구 중화동 321-37,37.594948,127.076152,1808.0
상봉,경춘선,서울시 중랑구 망우로 297(상봉1동 100-9번지),37.595254,127.085853,1810.0
망우,경춘선,서울시 중랑구 망우로 55길 11-10,37.599288,127.092318,1811.0
신내,경춘선,서울시 중랑구 망우동 320,37.612887,127.103218,1812.0
갈매,경춘선,경기도 구리시 갈매동 경춘북로 229(갈매동 502-18),37.634118,127.114757,1813.0
별내,경춘선,경기도 남양주시 별내동 182-5,37.64202,127.12684,1814.0
퇴계원,경춘선,경기도 남양주시 퇴계원면 경춘북로 545(퇴계원리 218-8),37.648311,127.143952,1815.0
사릉,경춘선,경기도 남양주시 진건읍 진건우회로 72-8(사능리 590-2),37.65108,127.176933,1816.0
금곡,경춘선,경기도 남양주시 경춘로 903(금곡동 404-276),37.637382,127.207853,1817.0
평내호평,경춘선,경기도 남양주시 경춘로 1375(평내동 156),37.653225,127.244493,1818.0
천마산,경춘선,경기도 남양주시 화도읍 묵현리 320-25,37.658978,127.285379,1819.0
마석,경춘선,경기도 남양주시 화도읍 마석중앙로 83-14(마석우리 222-2),37.652782,127.311767,1820.0
대성리,경춘선,경기도 가평군 청평면 경춘로 88(대성리 393),37.684071,127.379319,1821.0
청평,경춘선,경기도 가평군 청평면 청평역로 97-33(청평리 125-1),37.735488,127.42661,1822.0
상천,경춘선,경기도 가평군 청평면 상천역로 29(상천리 1261),37.770246,127.454821,1823.0
가평,경춘선,경기도 가평군 가평읍 문화로 13-42(달전리 567),37.814536,127.510739,1824.0
굴봉산,경춘선,강원도 춘천시 남산면 서백길 192(백양리 588-30),37.832067,127.557695,1825.0
백양리,경춘선,강원도 춘천시 남산면 북한강변길 690(강촌리 680-7),37.830779,127.58933,1826.0
강촌,경춘선,강원도 춘천시 남산면 강촌로 150(방곡리 409),37.805723,127.634146,1827.0
김유정,경춘선,강원도 춘천시 신동면 김유정로 1435(신동면 증리 859-3),37.818466,127.71434,1828.0
남춘천,경춘선,강원도 춘천시 영서로 2260(퇴계동 633-2),37.864007,127.723792,1829.0
춘천,경춘선,강원도 춘천시 평화로 1(근화동 190),37.885054,127.717023,1830.0
청량리,수인분당선,서울시 동대문구 왕산로 214,37.580543,127.046516,1509.0
왕십리,수인분당선,서울시 성동구 왕십리 광장로 17(행당동),37.561128,127.035505,1510.0
서울숲,수인분당선,서울시 성동구 왕십리로 지하 77,37.543617,127.044707,1511.0
압구정로데오,수인분당선,서울시 강남구 압구정동 495(강남구 압구정로 지하 402),37.527381,127.040534,1512.0
강남구청,수인분당선,서울시 강남구 학동로 지하 364,37.517469,127.041151,1513.0
선정릉,수인분당선,서울시 강남구 선릉로 지하 580(삼성동),37.510735,127.043677,1514.0
선릉,수인분당선,서울시 강남구 테헤란로 지하 340,37.504856,127.048807,1515.0
한티,수인분당선,서울시 강남구 선릉로 지하 228,37.496237,127.052873,1516.0
도곡,수인분당선,서울시 강남구 남부순환로 지하 2814,37.491224,127.055186,1517.0
구룡,수인분당선,서울시 강남구 개포동 175번지,37.486839,127.058856,1518.0
개포동,수인분당선,서울시 강남구 개포동 지하 420(개포동),37.489116,127.06614,1519.0
대모산입구,수인분당선,서울시 강남구 일원동 611번지,37.491373,127.07272,1520.0
수서,수인분당선,서울시 강남구 광평로 지하 270(수서동),37.487472,127.101422,1521.0
복정,수인분당선,경기도 성남시 수정구 복정로 4,37.470345,127.126658,1522.0
가천대,수인분당선,경기도 성남시 수정구 태평1동 5113-9,37.448605,127.126697,1523.0
태평,수인분당선,경기도 성남시 수정구 성남대로 지하 1229번지,37.440019,127.127709,1524.0
모란,수인분당선,경기도 성남시 중원구 성남대로 지하 1147(성남동 1575),37.432052,127.129104,1525.0
야탑,수인분당선,경기도 성남시 성남대로 지하 903(야탑동 688-1),37.411185,127.128715,1526.0
이매,수인분당선,경기도 성남시 성남대로 지하 738,37.395371,127.128248,1527.0
서현,수인분당선,경기도 성남시 분당구 성남대로 지하 601,37.385126,127.123592,1528.0
수내,수인분당선,경기도 성남시 분당구 성남대로 지하 491(수내동),37.378455,127.114322,1529.0
정자,수인분당선,경기도 성남시 분당구 성남대로 지하 333(정자동),37.365994,127.10807,1530.0
미금,수인분당선,경기도 성남시 수정구 성남대로 지하 156,37.350077,127.10891,1531.0
오리,수인분당선,경기도 성남시 분당구 성남대로 지하 55(구미동 795),37.339824,127.108942,1532.0
죽전,수인분당선,경기도 용인시 수지구 포은대로 536(죽전동 1014),37.324753,127.107395,1534.0
보정,수인분당선,경기도 용인시 수지구 포은대로 536(죽전동 1014),37.312752,127.108196,1533.0
구성,수인분당선,경기도 용인시 기흥구 용구대로 2403,37.298969,127.105664,1535.0
신갈,수인분당선,경기도 용인시 기흥구 기흥로 136,37.286102,127.111313,1536.0
기흥,수인분당선,경기도 용인시 중부대로 460,37.275061,127.11591,1537.0
상갈,수인분당선,경기도 용인시 기흥구 금화로 지하 40,37.26181,127.108847,1538.0
청명,수인분당선,경기도 수원시 영통구 봉영로 지하 1670,37.259489,127.078934,1539.0
영통,수인분당선,경기도 수원시 영통구 봉영로 지하 1560,37.251568,127.071394,1540.0
망포,수인분당선,경기도 수원시 영통구 봉영로 지하 1520,37.245795,127.057353,1541.0
매탄권선,수인분당선,경기도 수원시 권선구 권선동 1308번지,37.252759,127.040566,1542.0
수원시청,수인분당선,경기도 수원시 권선구 권선동 1122,37.261911,127.030736,1543.0
매교,수인분당선,경기도 수원시 팔달구 매교동 173-22,37.265481,127.015678,1544.0
수원,수인분당선,경기도 수원시 팔달구 덕영대로 924,37.265917,126.999422,1545.0
고색,수인분당선,경기도 수원시 권선구 매송고색로 지하690(고색동),37.24963,126.980248,11109.0
오목천,수인분당선,경기도 수원시 권선구 삼천병마로 1576(오목천동),37.24304,126.963676,11110.0
어천,수인분당선,경기도 화성시 매송면 화성로 2227-5(어천리),37.250102,126.90879,11111.0
야목,수인분당선,경기도 화성시 매송면 본오매송로 286(야목리),37.264179,126.879483,11112.0
사리,수인분당선,경기도 안산시 상록구 충장로 93(사동),37.28998,126.85685,11113.0
한대앞,수인분당선,경기도 안산시 상록구 충장로 337,37.309685,126.853656,11114.0
중앙,수인분당선,경기도 안산시 단원구 중앙대로 918,37.316055,126.838532,11115.0
고잔,수인분당선,경기도 안산시 상록구 충장로 337,37.316821,126.823094,11116.0
초지,수인분당선,경기도 안산시 단원구 중앙대로 620,37.320583,126.806151,11117.0
안산,수인분당선,경기도 안산시 단원구 중앙대로 620,37.327006,126.788748,11118.0
신길온천,수인분당선,경기도 안산시 단원구 중앙대로 462,37.337488,126.767306,11119.0
정왕,수인분당선,경기도 안산시 단원구 황고개로 2,37.351816,126.742844,11120.0
오이도,수인분당선,경기도 시흥시 역전로 430,37.361773,126.738437,11121.0
달월,수인분당선,경기도 시흥시 서해안로 736번길 55(월곶동),37.379681,126.745177,11150.0
월곶,수인분당선,경기도 시흥시 월곶 중앙로 14번길,37.391769,126.742699,11122.0
소래포구,수인분당선,인천시 남동구 소래역로 51,37.40095,126.733522,11123.0
인천논현,수인분당선,인천시 남동구 청능대로 567,37.400614,126.722478,11124.0
호구포,수인분당선,인천시 남동구 호구포로 205,37.401637,126.708627,11125.0
남동인더스파크,수인분당선,인천광역시 남동구 고잔동 970-14,37.407722,126.695216,11126.0
원인재,수인분당선,인천시 연수구 벚꽃로 195,37.413049,126.686648,11127.0
연수,수인분당선,인천시 연수구 벚꽃로 115,37.417804,126.67894,11128.0
송도,수인분당선,인천시 연수구 비류대로 175(옥련동),37.428514,126.657772,11129.0
인하대,수인분당선,인천시 미추홀구 용현동 294-3,37.448493,126.649619,11131.0
숭의,수인분당선,인천시 미추홀구 인주대로 지하6,37.460789,126.638297,11132.0
신포,수인분당선,인천시 중구 사동 26-19,37.46874,126.623853,11133.0
인천,수인분당선,인천시 중구 제물량로 269,37.476403,126.617326,11134.0
선바위,수도권 4호선,경기도 과천시 중앙로 440,37.451673,127.002303,435.0
경마공원,수도권 4호선,경기도 과천시 경마공원대로 105,37.443885,127.007888,436.0
대공원,수도권 4호선,경기도 과천시 대공원로 50,37.435675,127.006523,437.0
과천,수도권 4호선,경기도 과천시 별양로 지하 177,37.433021,126.996568,438.0
정부과천청사,수도권 4호선,경기도 과천시 중앙로 지하 100,37.426513,126.98978,439.0
인덕원,수도권 4호선,경기도 안양시 동안구 흥안대로 529,37.401553,126.976715,440.0
평촌,수도권 4호선,경기도 안양시 동안구 부림로 지하 123,37.394287,126.963883,441.0
범계,수도권 4호선,경기도 안양시 동안구 동안로 지하 130,37.389793,126.950806,442.0
산본,수도권 4호선,경기도 군포시 번영로 504,37.358101,126.933274,444.0
수리산,수도권 4호선,경기도 군포시 번영로 385,37.349801,126.925365,445.0
대야미,수도권 4호선,경기도 군포시 대야1로 28,37.328467,126.917332,446.0
반월,수도권 4호선,경기도 안산시 상록구 건건로 119-10,37.312212,126.903524,447.0
상록수,수도권 4호선,경기도 안산시 상록구 상록수로 61,37.302795,126.866489,448.0
중앙,수도권 4호선,경기도 안산시 단원구 중앙대로 918,37.315941,126.838573,450.0
한대앞,수도권 4호선,경기도 안산시 상록구 충장로 337,37.309689,126.85344,449.0
고잔,수도권 4호선,경기도 안산시 단원구 중앙대로 784,37.316784,126.823144,451.0
초지,수도권 4호선,경기도 안산시 단원구 중앙대로 620,37.320646,126.805913,452.0
안산,수도권 4호선,경기도 안산시 단원구 중앙대로 462,37.327082,126.788532,453.0
신길온천,수도권 4호선,경기도 안산시 단원구 황고개로 2,37.338212,126.765844,454.0
정왕,수도권 4호선,경기도 시흥시 마유로 418길 15,37.351735,126.742989,455.0
오이도,수도권 4호선,경기도 시흥시 역전로 430,37.362357,126.738714,456.0
삼송,수도권 3호선,경기도 고양시 덕양구 삼송로 205번길(삼송동 20-14),37.653083,126.895558,318.0
원흥,수도권 3호선,경기도 고양시 덕양구 원흥동 569-15,37.650658,126.872642,370.0
원당,수도권 3호선,경기도 고양시 덕양구 덕양대로 1429(성사1동 4100-7),37.653324,126.843041,317.0
화정,수도권 3호선,경기도 고양시 덕양구 화정동 400-2,37.634592,126.83265,316.0
대곡,수도권 3호선,경기도 고양시 덕양구 대주로 107번길 71-81(대장동 420-1),37.631626,126.811024,315.0
백석,수도권 3호선,경기도 고양시 일산동구 중앙로 1042,37.643114,126.78787,314.0
마두,수도권 3호선,경기도 고양시 일산동구 중앙로 지하 1180(마두동),37.652206,126.77762,313.0
정발산,수도권 3호선,경기도 고양시 일산동구 마두 1동 1123(일산동구 중앙로 1270),37.659477,126.773359,312.0
주엽,수도권 3호선,경기도 고양시 일산서구 중앙로 1432(주엽동 166-7),37.670072,126.761334,311.0
대화,수도권 3호선,경기도 고양시 일산서구 중앙로 1569(대화동 2221),37.676087,126.747569,310.0
중앙보훈병원,수도권 9호선,서울특별시 강동구 둔촌동 8-1,37.529191,127.148739,938.0
둔촌오륜,수도권 9호선,서울특별시 강동구 둔촌동 227-7,37.519683,127.137989,937.0
올림픽공원,수도권 9호선,서울특별시 송파구 방이동 89-28,37.516269,127.130288,936.0
한성백제,수도권 9호선,서울특별시 송파구 방이동 88-17,37.516404,127.116503,935.0
송파나루,수도권 9호선,서울특별시 송파구 방이동 2,37.510372,127.112216,934.0
석촌,수도권 9호선,서울특별시 송파구 석촌동 209,37.505208,127.10704,933.0
석촌고분,수도권 9호선,서울특별시 송파구 삼전동 157-1,37.502558,127.097033,932.0
삼전,수도권 9호선,서울특별시 송파구 잠실동 347,37.504738,127.088025,931.0
종합운동장,수도권 9호선,서울특별시 송파구 잠실동 123,37.511426,127.076275,930.0
봉은사,수도권 9호선,서울특별시 강남구 삼성동 172,37.514219,127.060245,929.0
삼성중앙,수도권 9호선,서울특별시 강남구 삼성동 111-147,37.513011,127.053282,928.0
선정릉,수도권 9호선,서울특별시 강남구 삼성동 111-114,37.510297,127.043999,927.0
언주,수도권 9호선,서울특별시 강남구 논현동 279-165,37.507287,127.033868,926.0
금정,수도권 4호선,경기도 군포시 군포로 750,37.372209,126.943417,443.0
용산,경의중앙선,서울시 용산구 한강대로 23길 55(한강로 3가 40-999),37.52989,126.964775,1318.0
왕십리,경의중앙선,서울시 성동구 왕십리 광장로 17(행당동),37.561827,127.038352,192.0
청량리,경의중앙선,서울시 동대문구 왕산로 214,37.580759,127.0483,191.0
회기,경의중앙선,서울시 동대문구 회기로196(휘경동 317-101),37.58946,127.057583,1317.0
중랑,경의중앙선,서울특별시 중랑구 중화동 321-37,37.594917,127.076116,1316.0
상봉,경의중앙선,서울시 중랑구 망우로 297(상봉1동 100-9번지),37.596678,127.08504,1390.0
망우,경의중앙선,서울시 중랑구 망우로 55길 11-10,37.59955,127.091909,1315.0
양원,경의중앙선,서울시 중랑구 송림길 147(망우동),37.606596,127.107906,1314.0
지평,경의중앙선,경기도 양평군 지평면 지평역길 32,37.476393,127.629874,1299.0
구리,경의중앙선,경기도 구리시 건원대로 34번길 32-29(인창동 244-2),37.603392,127.143869,1313.0
도농,경의중앙선,경기도 남양주시 경춘로 433(도농동 56-1),37.608806,127.161153,1312.0
양정,경의중앙선,경기도 남양주시 경강로 237(이패동 398-32),37.60533,127.19364,1311.0
덕소,경의중앙선,경기도 남양주시 와부읍 덕서로 56(덕소리 590-17),37.586781,127.208832,1310.0
도심,경의중앙선,경기도 남양주시 와부읍 덕소로 237(도곡리 1024-2),37.579622,127.222672,1309.0
팔당,경의중앙선,경기도 남양주시 와부읍 팔당로 107번길,37.547371,127.243939,1308.0
운길산,경의중앙선,경기도 남양주시 조안면 진중리 255-1,37.554669,127.310115,1307.0
양수,경의중앙선,경기도 양평군 양서면 목왕로 55-10,37.545981,127.329098,1306.0
신원,경의중앙선,경기도 양평군 양서면 신원역길 5-3,37.525545,127.372921,1305.0
국수,경의중앙선,경기도 양평군 양서면 국수역길 45,37.516169,127.399367,1304.0
아신,경의중앙선,경기도 양평군 옥천면 아신역길 1길 23-3,37.51382,127.443173,1303.0
오빈,경의중앙선,경기도 양평군 양평읍 덕바위길 29번길,37.506062,127.473868,1394.0
양평,경의중앙선,경기도 양평군 양평읍 양근리 137,37.492773,127.491837,1302.0
원덕,경의중앙선,경기도 양평군 양평읍 원덕흑천길 136,37.468672,127.547076,1301.0
용문,경의중앙선,경기도 양평군 용문면 용문역길 18,37.48223,127.594647,1300.0
대곡,경의중앙선,경기도 고양시 덕양구 대주로 107번길 71-81(대장동 420-1),37.631629,126.811025,1618.0
이촌,경의중앙선,서울시 용산구 이촌로 71길 42,37.522427,126.973406,198.0
서빙고,경의중앙선,서울시 용산구 서빙고로 238(서빙고동 241-11),37.519594,126.988537,197.0
한남,경의중앙선,서울시 용산구 독서당로6길 12-13(한남동),37.52943,127.009169,196.0
옥수,경의중앙선,서울시 성동구 동호로 지하21(옥수동),37.540446,127.018672,195.0
응봉,경의중앙선,서울시 성동구 고산자로 123(응봉동),37.549946,127.034538,193.0
까치산,수도권 2호선,서울특별시 강서구 강서로 54,37.531394,126.846987,264.0
광운대,경춘선,서울특별시 노원구 석계로 98-2,37.623986,127.061956,1809.0