,route_name,주소,stat_id,stat_name,lat,lng,geohash
0,공항철도,서울특별시 용산구 청파로 378,4001.0,서울역,37.553247,126.969769,wydm9k
1,공항철도,서울특별시 마포구 마포대로 92,4002.0,공덕,37.54253,126.952024,wydm8f
2,공항철도,서울특별시 마포구 양화로 188,4003.0,홍대입구,37.557438,126.926715,wydm8m
3,공항철도,서울특별시 마포구 성암로 184,4004.0,디지털미디어시티,37.576958,126.898609,wydjz8
4,공항철도,서울특별시 강서구 마곡중앙로 지하 135,4020.0,마곡나루,37.565543,126.827378,wydjwn
5,공항철도,서울특별시 강서구 하늘길 77,4005.0,김포공항,37.561842,126.801904,wydjtm
6,우이신설선,서울특별시 강북구 삼양로 지하 676,11321.0,북한산우이,37.662909,127.012706,wydq60
7,우이신설선,서울특별시 강북구 삼양로 595,11322.0,솔밭공원,37.65603,127.013273,wydq4r
8,우이신설선,서울특별시 강북구 삼양로 519,11323.0,4.19 민주묘지,37.649502,127.013684,wydq4m
9,우이신설선,서울특별시 강북구 삼양로 426,11324.0,가오리,37.641537,127.016789,wydq4k
10,우이신설선,서울특별시 강북구 삼양로 341,11325.0,화계,37.634133,127.017511,wydq47
11,우이신설선,서울특별시 강북구 삼양로 지하 259,11326.0,삼양,37.626914,127.018106,wydq43
12,우이신설선,서울특별시 강북구 삼양로 197,11327.0,삼양사거리,37.621337,127.020473,wydq42
13,우이신설선,서울특별시 강북구 솔샘로 지하 189,11328.0,솔샘,37.620238,127.013626,wydq42
14,우이신설선,서울특별시 성북구 보국문로 지하 88,11329.0,북한산보국문,37.612072,127.008251,wydmfp
15,우이신설선,서울특별시 성북구 아리랑로 지하 122,11330.0,정릉,37.603133,127.013396,wydmfm
16,우이신설선,서울특별시 성북구 동선동1가 116-1,11331.0,성신여대입구,37.592467,127.016516,wydmf7
17,우이신설선,서울특별시 성북구 보문동1가 127-6,11332.0,보문,37.585286,127.019381,wydmf6
18,우이신설선,서울특별시 동대문구 신설동 132-259,11333.0,신설동,37.576095,127.023242,wydmf2
19,신분당선,서울특별시 강남구 강남대로 620-2,1907.0,신사,37.516334,127.020114,wydm6m
20,신분당선,서울특별시 강남구 강남대로 492-2,1908.0,논현,37.511093,127.021415,wydm6k
21,신분당선,서울특별시 강남구 강남대로 302-2,1909.0,신논현,37.504598,127.02506,wydm6e
22,신분당선,서울특별시 강남구 강남대로 지하 396,1910.0,강남,37.496837,127.028104,wydm6d
23,신분당선,서울시 서초구 남부순환로 지하 2585,1911.0,양재,37.483809,127.034653,wydm4x
24,신분당선,서울특별시 서초구 매헌로 지하 116,1912.0,양재시민의숲,37.470023,127.03842,wydm4v
25,신분당선,서울특별시 서초구 청계산로 지하 179,1913.0,청계산입구,37.447211,127.055664,wydm51
26,신림선,서울시 영등포구 여의도동 56,11711.0,샛강,37.5170969,126.929399,wydm2m
27,신림선,서울시 영등포구 신길동 1376-1,11712.0,대방,37.5133059,126.9257265,wydm2m
28,신림선,서울시 동작구 대방동 466-41,11713.0,서울지방병무청,37.5060464,126.9227083,wydm25
29,신림선,서울시 동작구 대방동 466-49,11714.0,보라매,37.5002739,126.9204355,wydm24
30,신림선,서울시 동작구 신대방동 722,11715.0,보라매공원,37.4955691,126.9180827,wydm21
31,신림선,서울시 동작구 신대방동 425,11716.0,보라매병원,37.4929598,126.9234964,wydm21
32,신림선,서울시 관악구 봉천동 985,11717.0,당곡,37.4902998,126.9275133,wydm22
33,신림선,서울시 관악구 신림동 1467-10,11718.0,신림,37.4849266,126.9296159,wydm0r
34,신림선,서울시 관악구 신림동 808-717,11719.0,서원,37.4782341,126.9330365,wydm0q
35,신림선,서울시 관악구 신림동 110-99,11720.0,서울대벤처타운,37.4720019,126.9339351,wydm0m
36,신림선,서울시 관악구 신림동 211-10,11721.0,관악산(서울대),37.4691018,126.9450639,wydm0t
37,수도권 1호선,서울특별시 동대문구 왕산로 지하205(전농동),125.0,청량리,37.579956,127.044585,wydmfc
38,수도권 1호선,서울특별시 동대문구 왕산로 지하93(제기동),126.0,제기동,37.578103,127.034893,wydmf8
39,수도권 1호선,서울특별시 동대문구 왕산로 지하1(신설동),127.0,신설동,37.576048,127.024634,wydmf8
40,수도권 1호선,서울특별시 종로구 종로 359(숭인동),199.0,동묘앞,37.573197,127.01648,wydmdr
41,수도권 1호선,서울특별시 종로구 종로 지하302(창신동),128.0,동대문,37.571687,127.01093,wydmdp
42,수도권 1호선,서울특별시 종로구 종로 지하216(종로5가),129.0,종로5가,37.570926,127.001849,wydm9z
43,수도권 1호선,서울특별시 종로구 종로 지하129(종로3가),130.0,종로3가,37.570406,126.991847,wydm9z
44,수도권 1호선,서울특별시 종로구 종로 지하55(종로1가),131.0,종각,37.570161,126.982923,wydm9x
45,수도권 1호선,서울특별시 중구 세종대로 지하101(정동),132.0,시청,37.565715,126.977088,wydm9q
46,수도권 1호선,서울특별시 중구 세종대로 지하2(남대문로 5가),133.0,서울역,37.556228,126.972135,wydm9k
47,수도권 2호선,서울특별시 중구 서소문로 지하127(서소문동),201.0,시청,37.563588,126.975411,wydm9q
48,수도권 2호선,서울특별시 중구 을지로 지하42(을지로1가),202.0,을지로입구,37.566014,126.982618,wydm9w
49,수도권 2호선,서울특별시 중구 을지로 지하106(을지로3가),203.0,을지로3가,37.566306,126.991696,wydm9y
50,수도권 2호선,서울특별시 중구 을지로 지하178(을지로4가),204.0,을지로4가,37.566595,126.997817,wydm9y
51,수도권 2호선,서울특별시 중구 을지로 지하279(을지로7가),205.0,동대문역사문화공원,37.565613,127.009054,wydmdn
52,수도권 2호선,서울특별시 중구 퇴계로 지하431-1(신당동),206.0,신당,37.56564,127.019614,wydmdq
53,수도권 2호선,서울특별시 성동구 왕십리로 지하374(하왕십리동),207.0,상왕십리,37.564354,127.029354,wydmdw
54,수도권 2호선,서울특별시 성동구 왕십리로 지하300(행당동),208.0,왕십리,37.561238,127.036954,wydmdv
55,수도권 2호선,서울특별시 성동구 왕십리로 206(행당동),209.0,한양대,37.555273,127.043655,wydmdu
56,수도권 2호선,서울특별시 성동구 아차산로 18(성수동1가),210.0,뚝섬,37.547184,127.047367,wydme5
57,수도권 2호선,서울특별시 성동구 아차산로 100(성수동2가),211.0,성수,37.544581,127.055961,wydme4
58,수도권 2호선,서울특별시 광진구 아차산로 243(화양동),212.0,건대입구,37.540373,127.069191,wydmed
59,수도권 2호선,서울특별시 광진구 아차산로 384-1(구의동),213.0,구의,37.537077,127.085916,wydmec
60,수도권 2호선,서울특별시 광진구 강변역로 53(구의동),214.0,강변,37.535095,127.094681,wydms1
61,수도권 2호선,서울특별시 송파구 오금로 20(신천동),215.0,잠실나루,37.520733,127.10379,wydmkq
62,수도권 2호선,서울특별시 송파구 올림픽로 지하265(신천동),216.0,잠실,37.513262,127.100159,wydmkj
63,수도권 2호선,서울특별시 송파구 올림픽로 지하140(잠실동),217.0,잠실새내,37.511687,127.086162,wydm7u
64,수도권 2호선,서울특별시 송파구 올림픽로 지하23(잠실동),218.0,종합운동장,37.511022,127.073704,wydm7s
65,수도권 2호선,서울특별시 강남구 테헤란로 지하538(삼성동),219.0,삼성,37.508844,127.06316,wydm7k
66,수도권 2호선,서울특별시 강남구 테헤란로 지하340(삼성동),220.0,선릉,37.504286,127.048203,wydm75
67,수도권 2호선,서울특별시 강남구 테헤란로 지하156(역삼동),221.0,역삼,37.500622,127.036456,wydm6f
68,수도권 2호선,서울특별시 강남구 강남대로 지하396(역삼동),222.0,강남,37.49799,127.027912,wydm6d
69,수도권 2호선,서울특별시 서초구 서초대로 지하294(서초동),223.0,교대,37.493961,127.014667,wydm63
70,수도권 2호선,서울특별시 서초구 서초대로 지하233(서초동),224.0,서초,37.491897,127.007917,wydm61
71,수도권 2호선,서울특별시 서초구 방배로 지하80(방배동),225.0,방배,37.481426,126.997596,wydm1z
72,수도권 2호선,서울특별시 동작구 남부순환로 지하2089(사당동),226.0,사당,37.476538,126.981544,wydm1w
73,수도권 2호선,서울특별시 관악구 남부순환로 지하1928(봉천동),227.0,낙성대,37.47693,126.963693,wydm1n
74,수도권 2호선,서울특별시 관악구 남부순환로 지하1822(봉천동),228.0,서울대입구,37.481247,126.952739,wydm0z
75,수도권 2호선,서울특별시 관악구 남부순환로 지하1721(봉천동),229.0,봉천,37.482362,126.941892,wydm0x
76,수도권 2호선,서울특별시 관악구 남부순환로 지하1614(신림동),230.0,신림,37.484201,126.929715,wydm0r
77,수도권 2호선,서울특별시 동작구 대림로 2(신대방동),231.0,신대방,37.487462,126.913149,wydjrb
78,수도권 2호선,서울특별시 구로구 도림천로 477(구로동),232.0,구로디지털단지,37.485266,126.901401,wydjpx
79,수도권 2호선,서울특별시 구로구 도림천로 351(구로동),233.0,대림,37.493243,126.894932,wydjr9
80,수도권 2호선,서울특별시 구로구 새말로 지하 117-21(신도림동),234.0,신도림,37.508961,126.891084,wydjrk
81,수도권 2호선,서울특별시 영등포구 당산로 지하28(문래동3가),235.0,문래,37.517933,126.89476,wydjrt
82,수도권 2호선,서울특별시 영등포구 당산로 지하121(당산동3가),236.0,영등포구청,37.525706,126.89661,wydjrx
83,수도권 2호선,서울특별시 영등포구 당산로 229(당산동6가),237.0,당산,37.534946,126.902767,wydjx9
84,수도권 2호선,서울특별시 마포구 양화로 지하55(서교동),238.0,합정,37.549457,126.913808,wydjxg
85,수도권 2호선,서울특별시 마포구 양화로 지하160(동교동),239.0,홍대입구,37.55679,126.923708,wydm8j
86,수도권 2호선,서울특별시 마포구 신촌로 지하90(노고산동),240.0,신촌,37.555131,126.936926,wydm8s
87,수도권 2호선,서울특별시 마포구 신촌로 지하180(염리동),241.0,이대,37.556733,126.946013,wydm8s
88,수도권 2호선,서울특별시 마포구 신촌로 지하270(아현동),242.0,아현,37.557345,126.956141,wydm8v
89,수도권 2호선,서울특별시 서대문구 서소문로 지하17(충정로3가),243.0,충정로,37.559704,126.964378,wydm9j
90,수도권 2호선,서울특별시 성동구 용답길 86(용답동),251.0,용답,37.561904,127.050899,wydmej
91,수도권 2호선,서울특별시 성동구 천호대로 232(용답동),252.0,신답,37.57004,127.046481,wydmep
92,수도권 2호선,서울특별시 동대문구 천호대로 지하129(용두동),254.0,용두,37.574028,127.038091,wydmfb
93,수도권 2호선,서울특별시 동대문구 왕산로 지하 1(신설동),253.0,신설동,37.574747,127.024932,wydmf8
94,수도권 2호선,서울특별시 구로구 경인로67길 160(신도림동),261.0,도림천,37.514287,126.882768,wydjrm
95,수도권 2호선,서울특별시 양천구 목동로3길 지하33(신정동),262.0,양천구청,37.512398,126.865819,wydjqu
96,수도권 2호선,서울특별시 양천구 중앙로 지하261(신정동),263.0,신정네거리,37.520074,126.852912,wydjqw
97,수도권 3호선,서울특별시 은평구 진관2로 지하15-25 (진관동),320.0,구파발,37.636763,126.918821,wydq05
98,수도권 3호선,서울특별시 은평구 통일로 지하849(갈현동),321.0,연신내,37.619229,126.921038,wydq00
99,수도권 3호선,서울특별시 은평구 통일로 지하723-1(대조동),322.0,불광,37.610553,126.92982,wydmbq
100,수도권 3호선,서울특별시 은평구 통일로 지하602-1(녹번동),323.0,녹번,37.600927,126.935756,wydmbm
101,수도권 3호선,서울특별시 서대문구 통일로 지하440-1(홍제동),324.0,홍제,37.589066,126.943736,wydmbd
102,수도권 3호선,서울특별시 서대문구 통일로 지하361(홍제동),325.0,무악재,37.582299,126.950291,wydmbc
103,수도권 3호선,서울특별시 서대문구 통일로 지하247(현저동),326.0,독립문,37.574571,126.957748,wydmbb
104,수도권 3호선,서울특별시 종로구 사직로 지하130(적선동),327.0,경복궁,37.575762,126.97353,wydmc2
105,수도권 3호선,서울특별시 종로구 율곡로 지하62(안국동),328.0,안국,37.576477,126.985443,wydmc8
106,수도권 3호선,서울특별시 종로구 돈화문로 지하30(묘동),329.0,종로3가,37.571605,126.991791,wydm9z
107,수도권 3호선,서울특별시 중구 을지로 지하129(을지로3가),330.0,을지로3가,37.566672,126.992548,wydm9y
108,수도권 3호선,서울특별시 중구 퇴계로 지하214(필동2가),331.0,충무로,37.56143,126.994072,wydm9v
109,수도권 3호선,서울특별시 중구 동호로 지하256(장충동2가),332.0,동대입구,37.559052,127.005602,wydmdj
110,수도권 3호선,서울특별시 중구 다산로 지하122(신당동),333.0,약수,37.554867,127.010541,wydmdh
111,수도권 3호선,서울특별시 성동구 동호로 지하104(금호동4가),334.0,금호,37.548034,127.015872,wydmd7
112,수도권 3호선,서울특별시 성동구 동호로 21(옥수동),335.0,옥수,37.541684,127.017269,wydmd6
113,수도권 3호선,서울특별시 강남구 압구정로 지하172(신사동),336.0,압구정,37.527072,127.028461,wydm6x
114,수도권 3호선,서울특별시 강남구 도산대로 지하102(신사동),337.0,신사,37.516334,127.020114,wydm6m
115,수도권 3호선,서울특별시 서초구 잠원로4길 지하46(잠원동),338.0,잠원,37.512759,127.01122,wydm6h
116,수도권 3호선,서울특별시 서초구 신반포로 지하188(반포동),339.0,고속터미널,37.504891,127.004916,wydm65
117,수도권 3호선,서울특별시 서초구 서초대로 지하294(서초동),340.0,교대,37.493025,127.013786,wydm63
118,수도권 3호선,서울특별시 서초구 서초중앙로 지하31(서초동),341.0,남부터미널,37.485013,127.016189,wydm4r
119,수도권 3호선,서울특별시 서초구 남부순환로 지하2585(서초동),342.0,양재,37.484477,127.033902,wydm4x
120,수도권 3호선,서울특별시 강남구 남부순환로 지하2744(도곡동),343.0,매봉,37.486947,127.046769,wydm70
121,수도권 3호선,서울특별시 강남구 남부순환로 지하2814(도곡동),344.0,도곡,37.490922,127.055452,wydm71
122,수도권 3호선,서울특별시 강남구 남부순환로 지하2952(대치동),345.0,대치,37.494612,127.063642,wydm73
123,수도권 3호선,서울특별시 강남구 남부순환로 지하3104(대치동),346.0,학여울,37.496663,127.070594,wydm7d
124,수도권 3호선,서울특별시 강남구 일원로 지하2(일원동),347.0,대청,37.493514,127.079532,wydm7c
125,수도권 3호선,서울특별시 강남구 일원로 지하121(일원동),348.0,일원,37.483681,127.08439,wydm5z
126,수도권 3호선,서울특별시 강남구 광평로 지하270(수서동),349.0,수서,37.487378,127.101907,wydmk2
127,수도권 3호선,서울특별시 송파구 송파대로 지하257(가락동),350.0,가락시장,37.492245,127.117757,wydmk9
128,수도권 3호선,서울특별시 송파구 중대로 지하149(가락동),351.0,경찰병원,37.495918,127.12454,wydmkc
129,수도권 3호선,서울특별시 송파구 오금로 지하321(오금동),352.0,오금,37.502129,127.128319,wydmkg
130,수도권 4호선,서울특별시 노원구 상계로 305(상계동),409.0,당고개,37.670272,127.079066,wydq7c
131,수도권 4호선,서울특별시 노원구 상계로 182(상계동),410.0,상계,37.660878,127.073572,wydq5x
132,수도권 4호선,서울특별시 노원구 상계로 69-1(상계동),411.0,노원,37.65627,127.063276,wydq5r
133,수도권 4호선,서울특별시 도봉구 마들로11길 77(창동),412.0,창동,37.653088,127.047274,wydq5n
134,수도권 4호선,서울특별시 도봉구 도봉로 지하 486-1(창동),413.0,쌍문,37.648627,127.034709,wydq4t
135,수도권 4호선,서울특별시 강북구 도봉로 지하338(수유동),414.0,수유,37.638052,127.025732,wydq4e
136,수도권 4호선,서울특별시 강북구 도봉로 지하198(미아동),415.0,미아,37.62667,127.025983,wydq49
137,수도권 4호선,서울특별시 강북구 도봉로 지하50(미아동),416.0,미아사거리,37.613292,127.030053,wydmfx
138,수도권 4호선,서울특별시 성북구 동소문로 지하248(길음동),417.0,길음,37.603407,127.025053,wydmft
139,수도권 4호선,서울특별시 성북구 동소문로 지하102(동선동4가),418.0,성신여대입구,37.592612,127.016441,wydmf7
140,수도권 4호선,서울특별시 성북구 삼선교로 지하1(삼선동1가),419.0,한성대입구,37.588458,127.006221,wydmf4
141,수도권 4호선,서울특별시 종로구 대학로 지하120(명륜4가),420.0,혜화,37.582336,127.001844,wydmcc
142,수도권 4호선,서울특별시 종로구 율곡로 지하308(종로6가),421.0,동대문,37.57093,127.009287,wydmdp
143,수도권 4호선,서울특별시 중구 장충단로 지하230(광희동2가),422.0,동대문역사문화공원,37.565133,127.007885,wydmdn
144,수도권 4호선,서울특별시 중구 퇴계로 지하214(필동2가),423.0,충무로,37.561207,126.99408,wydm9v
145,수도권 4호선,서울특별시 중구 퇴계로 지하126(충무로2가),424.0,명동,37.560989,126.986325,wydm9t
146,수도권 4호선,서울특별시 중구 퇴계로 지하54(남창동),425.0,회현,37.558514,126.978246,wydm9m
147,수도권 4호선,서울특별시 용산구 한강대로 지하392(동자동),426.0,서울역,37.55281,126.972556,wydm9k
148,수도권 4호선,서울특별시 용산구 한강대로 지하306(갈월동),427.0,숙대입구,37.54456,126.972106,wydm96
149,수도권 4호선,서울특별시 용산구 한강대로 지하180(한강로1가),428.0,삼각지,37.534075,126.9726,wydm92
150,수도권 4호선,서울특별시 용산구 한강대로 지하112(한강로2가),429.0,신용산,37.52917,126.967894,wydm3p
151,수도권 4호선,서울특별시 용산구 서빙고로 지하83(용산동5가),430.0,이촌,37.522295,126.974733,wydm3q
152,수도권 4호선,서울특별시 동작구 현충로 257(동작동),431.0,동작,37.502852,126.980347,wydm3e
153,수도권 4호선,서울특별시 동작구 동작대로 지하117(사당동),432.0,총신대입구(이수),37.486263,126.981989,wydm38
154,수도권 4호선,서울특별시 동작구  동작대로 지하3(사당동),433.0,사당,37.476955,126.981651,wydm1w
155,수도권 4호선,서울특별시 서초구 과천대로 지하816(방배동),434.0,남태령,37.463873,126.989134,wydm1s
156,수도권 5호선,서울특별시 강서구 금낭화로 지하132(방화동),510.0,방화,37.577446,126.812741,wydjv8
157,수도권 5호선,서울특별시 강서구 양천로 22(방화동),511.0,개화산,37.572399,126.806171,wydjtx
158,수도권 5호선,서울특별시 강서구 하늘길 지하77(방화동),512.0,김포공항,37.562384,126.801292,wydjtq
159,수도권 5호선,서울특별시 강서구 공항대로 지하33(공항동),513.0,송정,37.561184,126.811973,wydjtt
160,수도권 5호선,서울특별시 강서구 공항대로 지하163(마곡동),514.0,마곡,37.560183,126.825448,wydjtv
161,수도권 5호선,서울특별시 강서구 공항대로 지하267(마곡동),515.0,발산,37.558598,126.837668,wydjwm
162,수도권 5호선,서울특별시 강서구 강서로 지하262(화곡동),516.0,우장산,37.548768,126.836318,wydjw5
163,수도권 5호선,서울특별시 강서구 화곡로 지하168(화곡동),517.0,화곡,37.541513,126.840461,wydjw6
164,수도권 5호선,서울특별시 강서구 강서로 지하54(화곡동),518.0,까치산,37.531768,126.846683,wydjw2
165,수도권 5호선,서울특별시 양천구 오목로 지하179(신정동),519.0,신정,37.524997,126.856191,wydjqx
166,수도권 5호선,서울특별시 양천구 오목로 지하245(목동),520.0,목동,37.526065,126.864931,wydjqz
167,수도권 5호선,서울특별시 양천구 오목로 지하342(목동),521.0,오목교,37.524496,126.875181,wydjrp
168,수도권 5호선,서울특별시 영등포구 양산로 지하21(양평동2가),522.0,양평,37.525569,126.886129,wydjrr
169,수도권 5호선,서울특별시 영등포구 양산로 지하116(당산동3가),523.0,영등포구청,37.5242,126.89503,wydjrx
170,수도권 5호선,서울특별시 영등포구 양산로 지하200(영등포동5가),524.0,영등포시장,37.522669,126.905139,wydjry
171,수도권 5호선,서울특별시 영등포구 경인로114가길 지하9(영등포동1가),525.0,신길,37.517623,126.914839,wydm2j
172,수도권 5호선,서울특별시 영등포구 여의나루로 지하40(여의도동),526.0,여의도,37.521747,126.924357,wydm2n
173,수도권 5호선,서울특별시 영등포구 여의동로 지하343(여의도동),527.0,여의나루,37.527098,126.932901,wydm2r
174,수도권 5호선,서울특별시 마포구 마포대로 지하33(도화동),528.0,마포,37.539574,126.945932,wydm89
175,수도권 5호선,서울특별시 마포구 마포대로 지하100(공덕동),529.0,공덕,37.544431,126.951372,wydm8f
176,수도권 5호선,서울특별시 마포구 마포대로 지하210(아현동),530.0,애오개,37.553736,126.95682,wydm8u
177,수도권 5호선,서울특별시 서대문구 충정로 지하 28-1(충정로3가),531.0,충정로,37.560236,126.9629,wydm9j
178,수도권 5호선,서울특별시 종로구 통일로 지하126(평동),532.0,서대문,37.565773,126.966641,wydm9n
179,수도권 5호선,서울특별시 종로구 세종대로 지하172(세종로),533.0,광화문,37.571525,126.97717,wydm9r
180,수도권 5호선,서울특별시 종로구 돈화문로11길 지하 26(돈의동),534.0,종로3가,37.57254,126.9903,wydm9x
181,수도권 5호선,서울특별시 중구 창경궁로 지하51(주교동),535.0,을지로4가,37.567352,126.998032,wydm9y
182,수도권 5호선,서울특별시 중구 마른내로 지하162(광희동1가),536.0,동대문역사문화공원,37.564665,127.005353,wydmdn
183,수도권 5호선,서울특별시 중구 청구로 지하77(신당동),537.0,청구,37.560276,127.013639,wydmdm
184,수도권 5호선,서울특별시 성동구 금호로 지하154(금호동2가),538.0,신금호,37.554548,127.020331,wydmdk
185,수도권 5호선,서울특별시 성동구 행당로 지하89(행당동),539.0,행당,37.557322,127.029476,wydmdt
186,수도권 5호선,서울특별시 성동구 왕십리로 지하300(행당동),540.0,왕십리,37.56184,127.037059,wydmdv
187,수도권 5호선,서울특별시 성동구 마장로 지하296(마장동),541.0,마장,37.5661,127.042973,wydmdy
188,수도권 5호선,서울특별시 성동구 천호대로 지하300(용답동),542.0,답십리,37.566747,127.052704,wydmen
189,수도권 5호선,서울특별시 동대문구 천호대로 지하405(장안동),543.0,장한평,37.56144,127.064623,wydmem
190,수도권 5호선,서울특별시 광진구 천호대로 지하550(능동),544.0,군자(능동),37.557088,127.079577,wydmev
191,수도권 5호선,서울특별시 광진구 천호대로 지하657(능동),545.0,아차산(어린이대공원후문),37.551691,127.089761,wydmeu
192,수도권 5호선,서울특별시 광진구 아차산로 지하571(광장동),546.0,광나루(장신대),37.545303,127.10357,wydms6
193,수도권 5호선,서울특별시 강동구 천호대로 지하997(천호동),547.0,천호(풍납토성),37.53864,127.123308,wydmsc
194,수도권 5호선,서울특별시 강동구 천호대로 지하1097(천호동),548.0,강동,37.535804,127.132481,wydmsc
195,수도권 5호선,서울특별시 강동구 양재대로 지하1480(길동),549.0,길동,37.537801,127.140004,wydmt1
196,수도권 5호선,서울특별시 강동구 양재대로 지하1572(명일동),550.0,굽은다리,37.545477,127.142853,wydmt4
197,수도권 5호선,서울특별시 강동구 양재대로 지하1632(명일동),551.0,명일,37.55137,127.143999,wydmth
198,수도권 5호선,서울특별시 강동구 고덕로 지하253(고덕동),552.0,고덕,37.555004,127.154151,wydmtk
199,수도권 5호선,서울특별시 강동구 고덕로 지하359(상일동),553.0,상일동,37.556712,127.166417,wydmts
200,수도권 5호선,서울특별시 강동구 양재대로 지하1369(둔촌동),569.0,둔촌동,37.527788,127.136248,wydmmp
201,수도권 5호선,서울특별시 송파구 양재대로 지하1233(방이동),570.0,올림픽공원,37.516201,127.130923,wydmkv
202,수도권 5호선,서울특별시 송파구 양재대로 지하1127(방이동),571.0,방이,37.508857,127.126133,wydmku
203,수도권 5호선,서울특별시 송파구 오금로 지하321(오금동),572.0,오금,37.502057,127.127938,wydmkg
204,수도권 5호선,서울특별시 송파구 오금로 지하402(가락동),573.0,개롱,37.498079,127.13482,wydmm4
205,수도권 5호선,서울특별시 송파구 오금로 지하499(거여동),574.0,거여,37.493105,127.14415,wydmm1
206,수도권 5호선,서울특별시 강동구 고덕로 지하456(강일동),554.0,강일,37.55749,127.17593,wydmtv
207,수도권 5호선,서울특별시 송파구 마천로57길 지하7(마천동),575.0,마천,37.49499,127.152781,wydmm3
208,수도권 6호선,서울특별시 은평구 증산로 지하477(신사동),610.0,응암,37.598605,126.915577,wydmbh
209,수도권 6호선,서울특별시 은평구 서오릉로 지하63(녹번동),611.0,역촌,37.606021,126.922744,wydmbj
210,수도권 6호선,서울특별시 은평구 통일로 지하723-1(대조동),612.0,불광,37.610873,126.92939,wydmbq
211,수도권 6호선,서울특별시 은평구 불광로 지하129-1(불광동),613.0,독바위,37.618456,126.933031,wydq02
212,수도권 6호선,서울특별시 은평구 통일로 지하849(갈현동),614.0,연신내,37.618636,126.920625,wydq00
213,수도권 6호선,서울특별시 은평구 연서로 지하137-1(구산동),615.0,구산,37.611377,126.91727,wydmbn
214,수도권 6호선,서울특별시 은평구 증산로 지하400(신사동),616.0,새절,37.591148,126.913629,wydjzg
215,수도권 6호선,서울특별시 은평구 증산로 지하306(증산동),617.0,증산,37.583876,126.909645,wydjzc
216,수도권 6호선,서울특별시 은평구 수색로 지하175(증산동),618.0,디지털미디어시티,37.576108,126.901391,wydjz8
217,수도권 6호선,서울특별시 마포구 월드컵로 지하240(성산동),619.0,월드컵경기장,37.569532,126.899298,wydjxx
218,수도권 6호선,서울특별시 마포구 월드컵로 지하190(성산동),620.0,마포구청,37.563515,126.903343,wydjxy
219,수도권 6호선,서울특별시 마포구 월드컵로 지하77(망원동),621.0,망원,37.556094,126.910052,wydjxu
220,수도권 6호선,서울특별시 마포구 양화로 지하45(합정동),622.0,합정,37.549209,126.913366,wydjxg
221,수도권 6호선,서울특별시 마포구 독막로 지하85(상수동),623.0,상수,37.547716,126.922852,wydm85
222,수도권 6호선,서울특별시 마포구 독막로 지하165(창전동),624.0,광흥창,37.547456,126.931993,wydm87
223,수도권 6호선,서울특별시 마포구 대흥로 지하85(대흥동),625.0,대흥,37.547771,126.942069,wydm8e
224,수도권 6호선,서울특별시 마포구 백범로 지하200(공덕동),626.0,공덕,37.543555,126.951678,wydm8f
225,수도권 6호선,서울특별시 용산구 백범로 지하287(효창동),627.0,효창공원앞,37.539233,126.961384,wydm91
226,수도권 6호선,서울특별시 용산구 한강대로 지하185(한강로1가),628.0,삼각지,37.535534,126.974032,wydm93
227,수도권 6호선,서울특별시 용산구 녹사평대로 지하195(용산동4가),629.0,녹사평,37.534675,126.986695,wydm98
228,수도권 6호선,서울특별시 용산구 이태원로 지하177(이태원동),630.0,이태원,37.534488,126.994302,wydm9b
229,수도권 6호선,서울특별시 용산구 이태원로 지하287(한남동),631.0,한강진,37.539631,127.001725,wydm9c
230,수도권 6호선,서울특별시 중구 다산로 지하38(신당동),632.0,버티고개,37.548013,127.007055,wydmd5
231,수도권 6호선,서울특별시 중구 다산로 지하115(신당동),633.0,약수,37.554263,127.010358,wydmdh
232,수도권 6호선,서울특별시 중구 청구로 지하77(신당동),634.0,청구,37.560608,127.013986,wydmdm
233,수도권 6호선,서울특별시 중구 다산로 지하260(흥인동),635.0,신당,37.566154,127.016146,wydmdq
234,수도권 6호선,서울특별시 종로구 지봉로 지하24(숭인동),636.0,동묘앞,37.572279,127.015653,wydmdr
235,수도권 6호선,서울특별시 종로구 지봉로 지하112(창신동),637.0,창신,37.579661,127.015241,wydmf3
236,수도권 6호선,서울특별시 성북구 보문로 지하116(보문동1가),638.0,보문,37.585274,127.019351,wydmf6
237,수도권 6호선,서울특별시 성북구 고려대로 지하89(안암동5가),639.0,안암,37.586272,127.029005,wydmfd
238,수도권 6호선,서울특별시 성북구 종암로 지하1(종암동),640.0,고려대,37.590508,127.036296,wydmfg
239,수도권 6호선,서울특별시 성북구 월곡로 지하107(하월곡동),641.0,월곡,37.601948,127.041518,wydmfv
240,수도권 6호선,서울특별시 성북구 화랑로 지하157(상월곡동),642.0,상월곡,37.606377,127.048491,wydmgn
241,수도권 6호선,서울특별시 성북구 화랑로 지하243(석관동),643.0,돌곶이,37.610537,127.056431,wydmgn
242,수도권 6호선,서울특별시 노원구 화랑로 지하 347-1(월계동) ,644.0,석계,37.614872,127.065595,wydmgr
243,수도권 6호선,서울특별시 노원구 동일로 지하 992-1(공릉동),645.0,태릉입구,37.617338,127.074735,wydq58
244,수도권 6호선,서울특별시 노원구 화랑로 지하510(공릉동),646.0,화랑대,37.620064,127.084689,wydq5b
245,수도권 6호선,서울특별시 중랑구 신내로 지하232(신내동),647.0,봉화산,37.617283,127.091401,wydqh0
246,수도권 6호선,서울특별시 중랑구 용마산로136길 33 신내차량기지,648.0,신내,37.613174,127.102231,wydmur
247,수도권 7호선,서울특별시 도봉구 도봉로 964-40(도봉동),710.0,도봉산,37.689241,127.046509,wydq7j
248,수도권 7호선,서울특별시 노원구 동일로 지하1662(상계동),711.0,수락산,37.67785,127.055315,wydq75
249,수도권 7호선,서울특별시 노원구 동일로 지하1530-1(상계동),712.0,마들,37.66494,127.057675,wydq72
250,수도권 7호선,서울특별시 노원구 동일로 지하1409(상계동),713.0,노원,37.654836,127.060462,wydq5q
251,수도권 7호선,서울특별시 노원구 동일로 지하1308-1(중계동),714.0,중계,37.644583,127.064303,wydq5k
252,수도권 7호선,서울특별시 노원구 동일로 지하1196(하계동),715.0,하계,37.636352,127.06799,wydq5e
253,수도권 7호선,서울특별시 노원구 동일로 지하1074(공릉동),716.0,공릉,37.625742,127.072896,wydq59
254,수도권 7호선,서울특별시 노원구 동일로 지하 992-1(공릉동),717.0,태릉입구,37.618294,127.075397,wydq58
255,수도권 7호선,서울특별시 중랑구 동일로 지하901(묵동),718.0,먹골,37.610637,127.077725,wydmgw
256,수도권 7호선,서울특별시 중랑구 동일로 지하797(중화동),719.0,중화,37.602545,127.079264,wydmgv
257,수도권 7호선,서울특별시 중랑구 망우로 297(상봉동),720.0,상봉,37.595577,127.085716,wydmgu
258,수도권 7호선,서울특별시 중랑구 면목로 지하407(면목동) ,721.0,면목,37.588579,127.087503,wydmgf
259,수도권 7호선,서울특별시 중랑구 사가정로 지하393(면목동),722.0,사가정,37.580894,127.088478,wydmgc
260,수도권 7호선,서울특별시 중랑구 용마산로 지하227(면목동),723.0,용마산,37.573647,127.086727,wydmgb
261,수도권 7호선,서울특별시 광진구 능동로 지하417(중곡동),724.0,중곡,37.565923,127.08432,wydmey
262,수도권 7호선,서울특별시 광진구 천호대로 지하550(능동),725.0,군자(능동),37.556897,127.079338,wydmev
263,수도권 7호선,서울특별시 광진구 능동로 지하210(화양동),726.0,어린이대공원(세종대),37.548014,127.074658,wydmee
264,수도권 7호선,서울특별시 광진구 능동로 지하110(화양동),727.0,건대입구,37.540786,127.071011,wydmed
265,수도권 7호선,서울특별시 광진구 능동로 10(자양동),728.0,뚝섬유원지,37.53154,127.066704,wydme2
266,수도권 7호선,서울특별시 강남구 학동로 지하508(청담동),729.0,청담,37.519365,127.05335,wydm7n
267,수도권 7호선,서울특별시 강남구 학동로 지하346(삼성동),730.0,강남구청,37.517179,127.041255,wydm6v
268,수도권 7호선,서울특별시 강남구 학동로 지하180(논현동),731.0,학동,37.514229,127.031656,wydm6t
269,수도권 7호선,서울특별시 강남구 학동로 지하102(논현동),732.0,논현,37.511093,127.021415,wydm6k
270,수도권 7호선,서울특별시 서초구 신반포로 지하241(잠원동),733.0,반포,37.508178,127.011727,wydm6h
271,수도권 7호선,서울특별시 서초구 신반포로 지하188(반포동),734.0,고속터미널,37.503367,127.005068,wydm65
272,수도권 7호선,서울특별시 서초구 서초대로 지하103(방배동),735.0,내방,37.487618,126.993513,wydm3b
273,수도권 7호선,서울특별시 동작구 사당로 지하310(사당동),736.0,총신대입구(이수),37.485196,126.981605,wydm1x
274,수도권 7호선,서울특별시 동작구 사당로 지하218(사당동),737.0,남성,37.484596,126.971251,wydm1r
275,수도권 7호선,서울특별시 동작구 상도로 지하378(상도동),738.0,숭실대입구,37.496029,126.953822,wydm2c
276,수도권 7호선,서울특별시 동작구 상도로 지하272(상도1동),739.0,상도,37.502834,126.94791,wydm2g
277,수도권 7호선,서울특별시 동작구 상도로 지하188(상도동) ,740.0,장승배기,37.504898,126.93915,wydm2e
278,수도권 7호선,서울특별시 동작구 상도로 지하76(대방동),741.0,신대방삼거리,37.499701,126.928276,wydm26
279,수도권 7호선,서울특별시 동작구 상도로 지하2(대방동),742.0,보라매,37.499872,126.920428,wydm24
280,수도권 7호선,서울특별시 영등포구 신풍로 지하27(신길동),743.0,신풍,37.50008,126.90993,wydjrf
281,수도권 7호선,서울특별시 영등포구 도림로 지하137(대림동),744.0,대림,37.493013,126.897075,wydjr9
282,수도권 7호선,서울특별시 구로구 도림로 지하7(구로동) ,745.0,남구로,37.486056,126.887249,wydjr2
283,수도권 7호선,서울특별시 금천구 벚꽃로 309(가산동),746.0,가산디지털단지,37.480338,126.882656,wydjpr
284,수도권 7호선,서울특별시 구로구 오리로 지하1154(천왕동),749.0,천왕,37.486637,126.838713,wydjq2
285,수도권 7호선,서울특별시 구로구 경인로3길 지하64(온수동),750.0,온수,37.492092,126.823023,wydjmc
286,수도권 8호선,서울특별시 강동구 올림픽로 지하776(암사동),810.0,암사,37.55021,127.127562,wydmsg
287,수도권 8호선,서울특별시 강동구 천호대로 지하997(천호동),811.0,천호(풍납토성),37.538113,127.123254,wydmsc
288,수도권 8호선,서울특별시 강동구 올림픽로 지하550(성내동),812.0,강동구청,37.530341,127.120508,wydms8
289,수도권 8호선,서울특별시 송파구 올림픽로 지하383(신천동),813.0,몽촌토성(평화의문),37.517409,127.112359,wydmkt
290,수도권 8호선,서울특별시 송파구 올림픽로 305(신천동),814.0,잠실,37.514692,127.104338,wydmkm
291,수도권 8호선,서울특별시 송파구 송파대로 지하439(석촌동),815.0,석촌,37.505557,127.106832,wydmk7
292,수도권 8호선,서울특별시 송파구 송파대로 지하354(가락동),816.0,송파,37.499703,127.112183,wydmkd
293,수도권 8호선,서울특별시 송파구 송파대로 지하257(가락동),817.0,가락시장,37.492888,127.118398,wydmk9
294,수도권 8호선,서울특별시 송파구 송파대로 지하179(문정동),818.0,문정,37.485855,127.1225,wydmk8
295,수도권 8호선,서울특별시 송파구 송파대로 지하82(장지동),819.0,장지,37.478703,127.126191,wydmhy
296,수도권 8호선,서울특별시 송파구 송파대로 지하6(장지동),820.0,복정,37.471052,127.126732,wydmhv
297,수도권 9호선,서울특별시 강서구 개화동로8길 19,901.0,개화,37.578608,126.798153,wydjv2
298,수도권 9호선,서울특별시 강서구 하늘길 지하77,902.0,김포공항,37.561916,126.802152,wydjtm
299,수도권 9호선,서울특별시 강서구 방화동로 지하30,903.0,공항시장,37.563726,126.810678,wydjtw
300,수도권 9호선,서울특별시 강서구 방화대로 지하301,904.0,신방화,37.567532,126.816601,wydjty
301,수도권 9호선,서울특별시 강서구 마곡중앙5로 지하2,905.0,마곡나루,37.566778,126.82731,wydjwn
302,수도권 9호선,서울특별시 강서구 양천로 지하341,906.0,양천향교,37.568381,126.841333,wydjwr
303,수도권 9호선,서울특별시 강서구 양천로 지하485,907.0,가양,37.561391,126.854456,wydjwt
304,수도권 9호선,서울특별시 강서구 양천로 지하560,908.0,증미,37.557402,126.861939,wydjwv
305,수도권 9호선,서울특별시 강서구 공항대로 지하529,909.0,등촌,37.550632,126.865689,wydjwg
306,수도권 9호선,서울특별시 강서구 공항대로 지하631,910.0,염창,37.546936,126.874916,wydjx5
307,수도권 9호선,서울특별시 양천구 목동중앙로 지하217,911.0,신목동,37.544277,126.88308,wydjx6
308,수도권 9호선,서울특별시 영등포구 양평로 지하124,912.0,선유도,37.53802,126.893525,wydjx9
309,수도권 9호선,서울특별시 영등포구 당산로 229,913.0,당산,37.533406,126.902809,wydjx8
310,수도권 9호선,서울특별시 영등포구 국회대로 지하758,914.0,국회의사당,37.528105,126.917874,wydm2p
311,수도권 9호선,서울특별시 영등포구 의사당대로 지하101 (여의도동),915.0,여의도,37.52176,126.92403,wydm2n
312,수도권 9호선,서울특별시 영등포구 의사당대로 지하166,916.0,샛강,37.517274,126.928422,wydm2m
313,수도권 9호선,서울특별시 동작구 노량진로 지하130,917.0,노량진,37.513534,126.941005,wydm2t
314,수도권 9호선,서울특별시 동작구 노량진로 지하238 (본동),918.0,노들,37.512887,126.953222,wydm2v
315,수도권 9호선,서울특별시 동작구 현충로 지하90 (흑석동),919.0,흑석,37.50877,126.963708,wydm3h
316,수도권 9호선,서울특별시 동작구 현충로 지하220 (동작동),920.0,동작,37.502878,126.978153,wydm37
317,수도권 9호선,서울특별시 서초구 신반포로 지하17,921.0,구반포,37.501364,126.987332,wydm3d
318,수도권 9호선,서울특별시 서초구 신반포로 지하105,922.0,신반포,37.503415,126.995925,wydm3g
319,수도권 9호선,서울특별시 서초구 신반포로 지하188,923.0,고속터미널,37.50598,127.004403,wydm65
320,수도권 9호선,서울특별시 서초구 사평대로 지하285,924.0,사평,37.504206,127.015259,wydm67
321,수도권 9호선,서울특별시 강남구 봉은사로 지하102,925.0,신논현,37.504598,127.02506,wydm6e
322,수도권 1호선,서울시 용산구 한강대로 77길 25(갈월동),134.0,남영,37.541021,126.9713,wydm96
323,수도권 1호선,서울시 용산구 한강대로 23길 55(한강로 3가 40-999),135.0,용산,37.529849,126.964561,wydm90
324,수도권 1호선,서울시 동작구 노량진로 151,136.0,노량진,37.514149,126.94271,wydm2t
325,수도권 1호선,서울시 영등포구 여의대방로 300,137.0,대방,37.513342,126.926382,wydm2m
326,수도권 1호선,서울시 영등포구 영등포로 327,138.0,신길,37.516862,126.917865,wydm2j
327,수도권 1호선,서울시 영등포구 경인로 846(영등포동 1가 618-496),139.0,영등포,37.515504,126.907628,wydjrv
328,수도권 1호선,서울시 구로구 새말로 117-21,140.0,신도림,37.508787,126.891144,wydjrk
329,수도권 1호선,서울시 구로구 구로중앙로 174,141.0,구로,37.503039,126.881966,wydjr7
330,수도권 1호선,서울시 금천구 벚꽃로 309,172.0,가산디지털단지,37.481581,126.882581,wydjpr
331,수도권 1호선,서울시 금천구 벚꽃로 115,173.0,독산,37.466613,126.889249,wydjpk
332,수도권 1호선,서울시 금천구 시흥대로 63길 91,174.0,금천구청,37.455626,126.89398,wydjpd
333,수도권 1호선,서울시 동대문구 회기로196(휘경동 317-101),124.0,회기,37.589802,127.057936,wydmg7
334,수도권 1호선,서울시 동대문구 휘경로 27(이문동 360-5),123.0,외대앞,37.596073,127.063549,wydmgk
335,수도권 1호선,서울시 동대문구 한천로 472(이문로 7),122.0,신이문,37.601854,127.067325,wydmgm
336,수도권 1호선,서울시 노원구 화랑로 314(월계동 36-4),121.0,석계,37.614532,127.065934,wydmgr
337,수도권 1호선,서울시 노원구 석계로 98-2(광운대역),120.0,광운대,37.623632,127.061835,wydq53
338,수도권 1호선,서울시 노원구 월계로 53길 40(월계2동 261),119.0,월계,37.633212,127.058831,wydq56
339,수도권 1호선,서울시 도봉구 덕릉로 376(창동),118.0,녹천,37.644799,127.051269,wydq5j
340,수도권 1호선,서울시 도봉구 마들로 11길 77(창1동 135-86),117.0,창동,37.653007,127.047806,wydq5n
341,수도권 1호선,서울시 도봉구 도봉로 150다길 3,116.0,방학,37.667503,127.044273,wydq6c
342,수도권 1호선,서울시 도봉구 도봉로 170길 2,115.0,도봉,37.679563,127.045595,wydq6g
343,수도권 1호선,서울시 도봉구 도봉로 964-33,114.0,도봉산,37.689534,127.046049,wydq7j
344,경의중앙선,서울시 용산구 한강대로 405,1610.0,서울역,37.557231,126.97103,wydm9m
345,경의중앙선,서울특별시 서대문구 대현동 74-12,1611.0,신촌,37.559733,126.942597,wydm8t
346,경의중앙선,서울시 서대문구 수색로 27(남가좌동),1612.0,가좌,37.568491,126.915487,wydm8p
347,경의중앙선,서울시 용산구 용문동 5-133,1606.0,효창공원앞,37.538579,126.96221,wydm91
348,경의중앙선,서울시 마포구 공덕동 마포대로 자하100,1607.0,공덕,37.542596,126.952099,wydm8f
349,경의중앙선,서울시 마포구 서강로 지하118,1608.0,서강대,37.551881,126.935711,wydm8k
350,경의중앙선,서울시 마포구 양화로 지하 188,1609.0,홍대입구,37.557641,126.926683,wydm8m
351,경의중앙선,서울시 은평구 수색로 193(수색동 37-2),1613.0,디지털미디어시티,37.577475,126.900453,wydjz8
352,경의중앙선,서울시 은평구 수색로 261-1,1614.0,수색,37.580842,126.895611,wydjz9
353,수도권 1호선,서울시 구로구 구일로 133,142.0,구일,37.496756,126.870793,wydjr4
354,수도권 1호선,서울시 구로구 경인로 40길 47,143.0,개봉,37.494594,126.85968,wydjqc
355,수도권 1호선,서울시 구로구 경인로 20길 13,144.0,오류동,37.494526,126.845365,wydjq3
356,수도권 1호선,서울시 구로구 부일로 872,145.0,온수,37.492267,126.823399,wydjmc
357,경춘선,서울시 동대문구 회기로196(휘경동 317-101),1807.0,회기,37.589802,127.057936,wydmg7
358,경춘선,서울시 동대문구 왕산로 214,1806.0,청량리,37.580543,127.046516,wydmg1
359,경춘선,서울특별시 중랑구 중화동 321-37,1808.0,중랑,37.594948,127.076152,wydmge
360,경춘선,서울시 중랑구 망우로 297(상봉1동 100-9번지),1810.0,상봉,37.595254,127.085853,wydmgu
361,경춘선,서울시 중랑구 망우로 55길 11-10,1811.0,망우,37.599288,127.092318,wydmuh
362,경춘선,서울시 중랑구 망우동 320,1812.0,신내,37.612887,127.103218,wydmur
363,수인분당선,서울시 동대문구 왕산로 214,1509.0,청량리,37.580543,127.046516,wydmg1
364,수인분당선,서울시 성동구 왕십리 광장로 17(행당동),1510.0,왕십리,37.561128,127.035505,wydmdv
365,수인분당선,서울시 성동구 왕십리로 지하 77,1511.0,서울숲,37.543617,127.044707,wydmdf
366,수인분당선,서울시 강남구 압구정동 495(강남구 압구정로 지하 402),1512.0,압구정로데오,37.527381,127.040534,wydm6z
367,수인분당선,서울시 강남구 학동로 지하 364,1513.0,강남구청,37.517469,127.041151,wydm6v
368,수인분당선,서울시 강남구 선릉로 지하 580(삼성동),1514.0,선정릉,37.510735,127.043677,wydm6u
369,수인분당선,서울시 강남구 테헤란로 지하 340,1515.0,선릉,37.504856,127.048807,wydm75
370,수인분당선,서울시 강남구 선릉로 지하 228,1516.0,한티,37.496237,127.052873,wydm71
371,수인분당선,서울시 강남구 남부순환로 지하 2814,1517.0,도곡,37.491224,127.055186,wydm71
372,수인분당선,서울시 강남구 개포동 175번지,1518.0,구룡,37.486839,127.058856,wydm72
373,수인분당선,서울시 강남구 개포동 지하 420(개포동),1519.0,개포동,37.489116,127.06614,wydm72
374,수인분당선,서울시 강남구 일원동 611번지,1520.0,대모산입구,37.491373,127.07272,wydm79
375,수인분당선,서울시 강남구 광평로 지하 270(수서동),1521.0,수서,37.487472,127.101422,wydmk2
376,수도권 9호선,서울특별시 강동구 둔촌동 8-1,938.0,중앙보훈병원,37.529191,127.148739,wydmmr
377,수도권 9호선,서울특별시 강동구 둔촌동 227-7,937.0,둔촌오륜,37.519683,127.137989,wydmmn
378,수도권 9호선,서울특별시 송파구 방이동 89-28,936.0,올림픽공원,37.516269,127.130288,wydmkv
379,수도권 9호선,서울특별시 송파구 방이동 88-17,935.0,한성백제,37.516404,127.116503,wydmkt
380,수도권 9호선,서울특별시 송파구 방이동 2,934.0,송파나루,37.510372,127.112216,wydmks
381,수도권 9호선,서울특별시 송파구 석촌동 209,933.0,석촌,37.505208,127.10704,wydmk7
382,수도권 9호선,서울특별시 송파구 삼전동 157-1,932.0,석촌고분,37.502558,127.097033,wydmk5
383,수도권 9호선,서울특별시 송파구 잠실동 347,931.0,삼전,37.504738,127.088025,wydm7g
384,수도권 9호선,서울특별시 송파구 잠실동 123,930.0,종합운동장,37.511426,127.076275,wydm7s
385,수도권 9호선,서울특별시 강남구 삼성동 172,929.0,봉은사,37.514219,127.060245,wydm7m
386,수도권 9호선,서울특별시 강남구 삼성동 111-147,928.0,삼성중앙,37.513011,127.053282,wydm7j
387,수도권 9호선,서울특별시 강남구 삼성동 111-114,927.0,선정릉,37.510297,127.043999,wydm6u
388,수도권 9호선,서울특별시 강남구 논현동 279-165,926.0,언주,37.507287,127.033868,wydm6e
389,경의중앙선,서울시 용산구 한강대로 23길 55(한강로 3가 40-999),1318.0,용산,37.52989,126.964775,wydm90
390,경의중앙선,서울시 성동구 왕십리 광장로 17(행당동),192.0,왕십리,37.561827,127.038352,wydmdv
391,경의중앙선,서울시 동대문구 왕산로 214,191.0,청량리,37.580759,127.0483,wydmg1
392,경의중앙선,서울시 동대문구 회기로196(휘경동 317-101),1317.0,회기,37.58946,127.057583,wydmg6
393,경의중앙선,서울특별시 중랑구 중화동 321-37,1316.0,중랑,37.594917,127.076116,wydmge
394,경의중앙선,서울시 중랑구 망우로 297(상봉1동 100-9번지),1390.0,상봉,37.596678,127.08504,wydmgu
395,경의중앙선,서울시 중랑구 망우로 55길 11-10,1315.0,망우,37.59955,127.091909,wydmuh
396,경의중앙선,서울시 중랑구 송림길 147(망우동),1314.0,양원,37.606596,127.107906,wydmuq
397,경의중앙선,서울시 용산구 이촌로 71길 42,198.0,이촌,37.522427,126.973406,wydm3q
398,경의중앙선,서울시 용산구 서빙고로 238(서빙고동 241-11),197.0,서빙고,37.519594,126.988537,wydm3w
399,경의중앙선,서울시 용산구 독서당로6길 12-13(한남동),196.0,한남,37.52943,127.009169,wydmd0
400,경의중앙선,서울시 성동구 동호로 지하21(옥수동),195.0,옥수,37.540446,127.018672,wydmd6
401,경의중앙선,서울시 성동구 고산자로 123(응봉동),193.0,응봉,37.549946,127.034538,wydmde
402,수도권 2호선,서울특별시 강서구 강서로 54,264.0,까치산,37.531394,126.846987,wydjw2
403,경춘선,서울특별시 노원구 석계로 98-2,1809.0,광운대,37.623986,127.061956,wydq53
404,수도권 1호선,경기도 안양시 만안구 경수대로 1431,175.0,석수,37.435047,126.902295,wydhzw
405,수도권 1호선,경기도 광명시 광명역로 21,1175.0,광명,37.416182,126.884466,wydhz7
406,수도권 1호선,경기도 안양시 만안구 만안로 232,177.0,안양,37.401592,126.922874,wydkb0
407,수도권 1호선,경기도 군포시 군포로 750,179.0,금정,37.372221,126.943429,wydk8e
408,수도권 4호선,경기도 군포시 군포로 750,443.0,금정,37.372209,126.943417,wydk8e
409,수도권 4호선,경기도 안양시 동안구 동안로 지하 130,442.0,범계,37.389793,126.950806,wydk8y
410,수도권 4호선,경기도 안양시 동안구 부림로 지하 123,441.0,평촌,37.394287,126.963883,wydk9p
411,수도권 4호선,경기도 안양시 동안구 흥안대로 529,440.0,인덕원,37.401553,126.976715,wydkc2
412,수도권 4호선,경기도 과천시 중앙로 지하 100,439.0,정부과천청사,37.426513,126.98978,wydkct
413,수도권 4호선,경기도 과천시 별양로 지하 177,438.0,과천,37.433021,126.996568,wydkcy
414,수도권 4호선,경기도 과천시 대공원로 50,437.0,대공원,37.435675,127.006523,wydkfn
415,수도권 4호선,경기도 과천시 경마공원대로 105,436.0,경마공원,37.443885,127.007888,wydm40
416,수도권 4호선,경기도 과천시 중앙로 440,435.0,선바위,37.451673,127.002303,wydm41
417,수도권 7호선,경기도 광명시 오리로 지하980(광명동),748.0,광명사거리,37.479252,126.854876,wydjnw
418,수도권 7호선,경기도 광명시 철산로 지하13(철산동),747.0,철산,37.47605,126.867911,wydjny
419,수도권 1호선,경기도 부천시 원미구 역곡로 1(역곡동),146.0,역곡,37.492433,126.824086,wydjmc
420,수도권 1호선,경기도 부천시 소사구 부천로 1,148.0,부천,37.48405,126.782686,wydjjp
421,수도권 1호선,경기도 부천시 소사구 송내대로 43,150.0,송내,37.4876,126.753664,wydjk2
422,공항철도,인천광역시 계양구 다남로 24,4006.0,계양,37.571662,126.7363,wydjez
423,경의중앙선,경기도 고양시 덕양구 화랑로 53(화전동 183-10),1615.0,화전,37.602888,126.868387,wydjyv
424,경의중앙선,경기도 고양시 덕양구 행신동 108-5,1635.0,강매,37.612314,126.843223,wydjyr
425,경의중앙선,경기도 고양시 덕양구 행신동 충경로 124번지(행신2동 812),1616.0,행신,37.612102,126.834146,wydjyp
426,수도권 3호선,경기도 고양시 덕양구 삼송로 300(지축동),319.0,지축,37.648033,126.913917,wydnpv
427,수도권 7호선,경기도 부천시 원미구 길주로 지하 626 (춘의동),751.0,까치울,37.50613,126.81093,wydjme
428,수도권 7호선,경기도 의정부시 동일로 121(장암동),709.0,장암,37.700109,127.053196,wydq7p
429,수도권 4호선,경기도 남양주시 별내3로 지하 345,408.0,별내별가람,37.66778,127.11581,wydqk9
430,경춘선,경기도 구리시 갈매동 경춘북로 229(갈매동 502-18),1813.0,갈매,37.634118,127.114757,wydqhe
431,경춘선,경기도 남양주시 별내동 182-5,1814.0,별내,37.64202,127.12684,wydqhu
432,경춘선,경기도 남양주시 퇴계원면 경춘북로 545(퇴계원리 218-8),1815.0,퇴계원,37.648311,127.143952,wydqjj
433,경의중앙선,경기도 구리시 건원대로 34번길 32-29(인창동 244-2),1313.0,구리,37.603392,127.143869,wydmvj
434,경의중앙선,경기도 남양주시 경춘로 433(도농동 56-1),1312.0,도농,37.608806,127.161153,wydmvw
435,경의중앙선,경기도 남양주시 경강로 237(이패동 398-32),1311.0,양정,37.60533,127.19364,wydmym
436,수도권 5호선,경기도 하남시 미사강변동로 지하90(망월동),555.0,미사,37.560927,127.193877,wydmwm
437,수도권 5호선,경기도 하남시 덕풍서로 지하50(덕풍동),556.0,하남풍산,37.552034,127.203864,wydmws
438,수도권 5호선,경기도 하남시 하남대로 지하820(덕풍동),557.0,하남시청,37.54205,127.20612,wydmwd
439,수인분당선,경기도 성남시 수정구 복정로 4,1522.0,복정,37.470345,127.126658,wydmhv
440,수도권 8호선,경기도 성남시 수정구 공원로 601(복정동),831.0,남위례,37.4624,127.13977,wydmj5
441,수도권 8호선,경기도 성남시 수정구 수정로 지하365(신흥동),821.0,산성,37.457122,127.149908,wydmj6
442,수도권 8호선,경기도 성남시 수정구 산성대로 지하445(단대동),822.0,남한산성입구,37.451535,127.159816,wydmj9
443,수도권 8호선,경기도 성남시 수정구 산성대로 지하365(신흥동),823.0,단대오거리,37.44521,127.156866,wydmj8
444,수도권 8호선,경기도 성남시 수정구 산성대로 지하280(신흥동),824.0,신흥,37.440918,127.147564,wydkvr
445,수도권 8호선,경기도 성남시 수정구 산성대로 지하200(수진동),825.0,수진,37.437428,127.140722,wydkvp
446,수도권 8호선,경기도 성남시 수정구 산성대로 지하100(수진동),826.0,모란,37.433824,127.129837,wydkuy
447,수인분당선,경기도 성남시 중원구 성남대로 지하 1147(성남동 1575),1525.0,모란,37.432052,127.129104,wydkuy
448,수인분당선,경기도 성남시 수정구 성남대로 지하 1229번지,1524.0,태평,37.440019,127.127709,wydkuz
449,수인분당선,경기도 성남시 수정구 태평1동 5113-9,1523.0,가천대,37.448605,127.126697,wydmhc
